"CHOF_NCORR","CAM_NCORR","CHOF_VNOMBRE","CHOF_VRUT","EMP_NCORR","CHOF_VFONO"
"0",NULL,NULL,NULL,"0",NULL
"1","1","Alexis Saez","9.215.011-9","1","66997013"
"2","2","Alvaro Aguilera","14.188.154-K","1","66997012"
"3","3","Carlos Baeza","11.661.426-K","1","79980176"
"4","4","Carlos Coloma","6.702.809-0","1","66997009"
"5","5","Claudio Monserrat","9.497.207-8","1","72780161"
"6","6","Elias Correa","10.512.503-8","1","94199518"
"7",NULL,"Nombre 1","11111111-1","5","111"
"8",NULL,"Alexis Gajardo","17.980.526-k","48",
"9",NULL,"German Oyarce","16.555.759-k","48",
"10",NULL,"Alexis Gajardo","17.980.526-k","49","+56 9 65628370"
"11",NULL,"GermÃ¡n Oyarce","16.555.795-k","49","+56 9 7035630"
"12",NULL,"Juan Oyarce","10.161.180-9","49","+56 90113083"
