"EMP_NCORR","EMP_VNOMBRE","EMP_VRUT","EMP_VDIRECCION","EMP_VGIRO","EMP_VCONTACTO","EMP_VFONO","EMP_VMAIL","EMP_VRAZONSOCIAL","EMP_VACTIVIDAD","EMP_NGENERAGUIA"
"1","Transportes San Pablo","88128400-6","Longitudinal Sur KM 202, Molina","Transporte",NULL,NULL,NULL,,,"1"
"2","Sociedad Servicios Maritimos ltda.","79730700-9",NULL,"Transporte",NULL,NULL,NULL,,,"0"
"3","Transportes  Altas Cumbres S.A.","96756150-9",NULL,"Transporte",NULL,NULL,NULL,,,"0"
"4","Mario Antonio Zepeda Alvarez","2979737-4",NULL,"Transporte",NULL,NULL,NULL,,,"0"
"5","Alex Tomas Gonzalez","13456262-5","Direccion","Transporte","Contacto","Fono","mail","Alex Tomas Gonzalez","Actividad","1"
"6","JOSE IGNACIO SAEZ GUINEZ TRANSPORTES E.I.R.L.","76346090-8",NULL,"Transporte",NULL,NULL,NULL,,,"0"
"7","Vitorio Romanini","7675870-0",,"Transporte",NULL,NULL,NULL,,,"0"
"8","Comercial Karina Aranguiz Galleguillos EIRL","76024082-6",,"Transporte",,,,,,"0"
"9","Daniel Pavez Tapia","3934695-8",NULL,"Transporte",NULL,NULL,NULL,,,"0"
"10","Elza Ines Sanzi e hijos Ltda","78773020-5",NULL,"Transporte",NULL,NULL,NULL,,,"0"
"11","Enrique Ahumada Silva","5561448-2",NULL,"Transporte",NULL,NULL,NULL,,,"0"
"12","Guillermo Rafael Arenas Peraz","7496709-4",NULL,"Transporte",NULL,NULL,NULL,,,"0"
"13","Gustavo  Cabeza","76097101-4",NULL,"Transporte",NULL,NULL,NULL,,,"0"
"14","Hector Pacheco","11970188-0",NULL,"Transporte",NULL,NULL,NULL,,,"0"
"15","Inmobiliaria Transporte la Portena","76052817-k",NULL,"Transporte",NULL,NULL,NULL,,,"0"
"16","Inmobiliria e inversiones  Sta. Catalina Ltda.","76679510-2",NULL,"Transporte",NULL,NULL,NULL,,,"0"
"17","Juan Carlos Alvear gil","6297205-k",NULL,"Transporte",NULL,NULL,NULL,,,"0"
"18","Karina Aranguiz","76024082-6",NULL,"Transporte",NULL,NULL,NULL,,,"0"
"19","Lorena Villaviciencio Hidalgo","13369014-k",NULL,"Trasnporte",NULL,NULL,NULL,,,"0"
"20","Manuel Alvarez","2979737-4",NULL,"Transporte",NULL,NULL,NULL,,,"0"
"21","Maria Alejandra Soto diaz","7859957-K",NULL,"Transporte",NULL,NULL,NULL,,,"0"
"22","Sociedad Trancarrasco y CIA. Ltda.","76790550-5",NULL,"Transporte",NULL,NULL,NULL,,,"0"
"23","Transporte de Contenedores de Chile SA","76566490-K",NULL,"Transporte",NULL,NULL,NULL,,,"0"
"24","Transporte Logistica Placilla 88","76116595-k",NULL,"Transporte",NULL,NULL,NULL,,,"0"
"25","Transporte RVE Ltda.","77889320-7",NULL,"Transporte",NULL,NULL,NULL,,,"0"
"26","Transportes Andreu Ltda.","78763220-3",NULL,"Transporte",NULL,NULL,NULL,,,"0"
"27","Transportes Lamber","76023010-3",NULL,"Transporte",NULL,NULL,NULL,,,"0"
"28","Transportes Nunez Roco CIA.Ltda.","76160610-7",NULL,"Transporte",NULL,NULL,NULL,,,"0"
"29","Trujillo Ltda.","76123750-0",NULL,"Transporte",NULL,NULL,NULL,,,"0"
"30","Transportes Pia Ltda.","76018-663-5",NULL,"Transporte",NULL,NULL,NULL,,,"0"
"31","RUBEN VINUELA","78293170-9",NULL,"Transporte",NULL,NULL,NULL,,,"0"
"32","CECILIA MATILDE RIVEROS MARIN","7293295-1",,"Transporte",,,,"áñ",,"1"
"33","ELIZABETH CECILIA SANTANDER RAMOS","15.352.588-9",NULL,"Transporte",NULL,NULL,NULL,,,"0"
"35","GONZALO ANDRES CATALAN MORA","13.032.501-7",NULL,"Transporte",NULL,NULL,NULL,,,"0"
"36","LEONARDO ANTONIO SANTA MARIA GAETE","9.586.936-K",NULL,"Transporte",NULL,NULL,NULL,,,"0"
"37","MIREYA CORINA CARRENO MARIN","17.680.889-6",NULL,"Transporte",NULL,NULL,NULL,,,"0"
"38","ROSA EDELMIRA ALIAGA BAEZA","5.896.223-6",NULL,"Transporte",NULL,NULL,NULL,,,"0"
"39","SEGUNDO ALEJANDRO CASTILLO MARTINEZ","5.084.348-3",NULL,"Transporte",NULL,NULL,NULL,,,"0"
"40","SONIA ELENA BRAVO ACUNA","7.430.867-8",NULL,"Transporte",NULL,NULL,NULL,,,"0"
"41","MANUEL ALVAREZ MUNOZ","5.904.754-K",NULL,"Transporte",NULL,NULL,NULL,,,"0"
"42","RESTAURANT MAYLU","10.508.921-K",NULL,"Transporte",NULL,NULL,NULL,,,"0"
"43","IVAN ALEJANDRO VEGA OLATE","12.832.986-2",NULL,"Transporte",NULL,NULL,NULL,,,"0"
"44","T. NATALIA DEL CARMEN VERA URRA EIRL.","76.037.113-0",NULL,"Transporte",NULL,NULL,NULL,,,"0"
"45","SOTRACON LTDA.","78.999.370-K",NULL,"Transporte",NULL,NULL,NULL,,,"0"
"46","ENRIQUE FELIPE ZANETTA TELLO","14.093.226-4",NULL,"Transporte",NULL,NULL,NULL,,,"0"
"47","Transporte de Contenedores de Chile SA","76566490-K",NULL,"Transporte",NULL,NULL,NULL,,,"0"
"49","German Andres Oyarce Ramirez","16.555.759-k",,"Transporte de Carga","Germán Oyarce"," 56 (9) 50005570","transportes_agm@live.cl","German Andres Oyarce Ramirez","Transporte con  Rampla","0"
