"USUA_NCORR","ROL_NCORR","USUA_VLOGIN","USUA_VNOMBRE","USUA_VAPELLIDO1","USUA_VAPELLIDO2","USUA_VMAIL","USUA_VCLAVE"
"1","1","admin","Administrador","-","-",".","admin"
"2","2","pperez","Pedro","Perez","-","-","pperez"
"3","3","coordinador","Coordinador","Transporte","-","-","coordinador"
"4","1","cgonzalez","Camilo","Gonzalez",NULL,NULL,",.cgonzalez"
"5","1","haichele","Hardy","Aichele","Oyarzún","hardy.aichele@capturactiva.com",",.haichele"
"6","2","vendedor","usuario","vendedor","-","vendedor@simplexlogisitca.cl","vendedor"
