"CAR_NVERSION","CAR_NCORR","CAR_NBOOKING","CAR_VCONTENIDOCARGA","CAR_NDIASCONTENEDOR","CAR_VMARCA","CAR_VNUMCONTENEDOR","CAR_NPESOCARGA","CAR_VSELLO","CAR_VOBSERVACIONES","TICA_NCORR","TICO_NCORR","OSE_NCORR","ESCA_NCORR","ADA_NCORR"
"1","1","xxxx",NULL,NULL,NULL,NULL,"30",NULL,"xxxxxxxxxxxxyyyyy","1",NULL,"1","1","2"
"2","1","xxxx",NULL,NULL,NULL,NULL,"30",NULL,"xxxxxxxxxxxxyyyyy","1",NULL,"1","1","2"
"3","1","xxxx",NULL,NULL,NULL,NULL,"30",NULL,"xxxxxxxxxxxxyyyyy","1",NULL,"1","1","2"
"4","1","xxxx",NULL,NULL,NULL,NULL,"30",NULL,"fff","1",NULL,"1","1","2"
"5","6","fgfggg",NULL,NULL,NULL,NULL,"67890",NULL,"pruebas","1",NULL,"1","3","2"
"6","7","ffff",NULL,NULL,NULL,NULL,"4444",NULL,"hhhhh","2",NULL,"1","5","1"
"7","8","eee",NULL,NULL,NULL,NULL,"333",NULL,"dsdd","2",NULL,"1","5","1"
"8","8","eee",NULL,NULL,NULL,NULL,"333",NULL,"dsddddeee","2",NULL,"1","5","1"
"9","8","eee",NULL,NULL,NULL,NULL,"333",NULL,"dsddddeee","2",NULL,"1","5","2"
"10","8","eee",NULL,NULL,NULL,NULL,"333",NULL,"dsddddeee","2",NULL,"1","5","2"
"11","1","xxxx",NULL,NULL,NULL,NULL,"30",NULL,"fff","1",NULL,"1","1","2"
"12","2","555",NULL,NULL,NULL,NULL,"30",NULL,"sdsssd","1",NULL,"1","1","1"
"13","3","3wqewe",NULL,NULL,NULL,NULL,"30",NULL,"wwwr","1",NULL,"1","1","2"
"14","1","xxxx",NULL,NULL,NULL,NULL,"30",NULL,"fff","1",NULL,"1","1","2"
"15","2","555",NULL,NULL,NULL,NULL,"30",NULL,"sdsssd","1",NULL,"1","1","1"
"16","3","3wqewe",NULL,NULL,NULL,NULL,"30",NULL,"wwwr","1",NULL,"1","1","2"
"17","6","fgfggg",NULL,NULL,NULL,NULL,"67890",NULL,"pruebas","1",NULL,"1","3","2"
"18","7","ffff",NULL,NULL,NULL,NULL,"4444",NULL,"hhhhh","2",NULL,"1","5","1"
"19","8","eee",NULL,NULL,NULL,NULL,"333",NULL,"dsddddeee","2",NULL,"1","5","2"
"20","1","xxxx",NULL,NULL,NULL,NULL,"30",NULL,"fff","1",NULL,"1","1","2"
"21","9","2343224",NULL,NULL,NULL,NULL,"1500",NULL,"Prueba","1",NULL,"6","1","1"
"22","10","455345gfhgfh",NULL,NULL,NULL,NULL,"1000",NULL,"rewtrertret","1",NULL,"6","1","2"
"23","11","ffergtre",NULL,NULL,NULL,NULL,"1500",NULL,"s/o","1",NULL,"7","1","1"
"24","12","rtrrytryrt",NULL,NULL,NULL,NULL,"2500",NULL,"rttyrytrytr","1",NULL,"7","1","1"
"25","13","55",NULL,NULL,NULL,NULL,"55",NULL,"555","2",NULL,"1","3","2"
"26","14","3323",NULL,NULL,NULL,NULL,"1000",NULL,,"1",NULL,"10","1","1"
"27","15","213232",NULL,NULL,NULL,NULL,"1000",NULL,,"1",NULL,"11","1","1"
"28","16","1324342",NULL,NULL,NULL,NULL,"1500",NULL,,"1",NULL,"12","1","1"
"29","17","34243423",NULL,NULL,NULL,NULL,"2090",NULL,,"1",NULL,"12","1",NULL
"30","18","0",NULL,NULL,NULL,NULL,"1000",NULL,,"2",NULL,"12","1",NULL
"31","19","21879217298",NULL,NULL,NULL,NULL,"1200",NULL,,"1",NULL,"12","1","1"
"32","20","323323",NULL,NULL,NULL,NULL,"1000",NULL,,"1",NULL,"12","1","2"
"33","16","1324342",NULL,NULL,NULL,NULL,"1500",NULL,,"1",NULL,"12","1","1"
"34","21","123456",NULL,NULL,NULL,NULL,"0",NULL,,"1",NULL,"13","1",NULL
"35","22","566777777",NULL,NULL,NULL,NULL,"111",NULL,"xxx","1",NULL,"14","1","1"
"36","23","987654",NULL,NULL,NULL,NULL,"1000",NULL,,"1",NULL,"13","1","1"
"37","24","987654",NULL,NULL,NULL,NULL,"1200",NULL,,"1",NULL,"13","1","2"
"38","25","9889897",NULL,NULL,NULL,NULL,"0",NULL,,"2",NULL,"13","1","2"
"39","26","435534",NULL,NULL,NULL,NULL,"2000",NULL,,"1",NULL,"13","1","2"
"40","27","989898",NULL,NULL,NULL,NULL,"2500",NULL,,"1",NULL,"13","1",NULL
"41","28","9898",NULL,NULL,NULL,NULL,"1800",NULL,,"1",NULL,"13","1",NULL
"42","29","43434",NULL,NULL,NULL,NULL,"1900",NULL,,"1",NULL,"13","1",NULL
"43","30","809898",NULL,NULL,NULL,NULL,"0",NULL,,"2",NULL,"13","1",NULL
"44","31","8999787",NULL,NULL,NULL,NULL,"0",NULL,,"2",NULL,"13","1",NULL
"45","32","3432432432",NULL,NULL,NULL,NULL,"20",NULL,,"1",NULL,"13","1","2"
"46","33","8797897",NULL,NULL,NULL,NULL,"1200",NULL,,"1",NULL,"13","1",NULL
"47","34","9797797",NULL,NULL,NULL,NULL,"1500",NULL,,"1",NULL,"13","1","2"
"48","35","978988779",NULL,NULL,NULL,NULL,"1300",NULL,,"1",NULL,"13","1","2"
"49","36","987987",NULL,NULL,NULL,NULL,"1200",NULL,,"1",NULL,"15","1","1"
"50","37","757563",NULL,NULL,NULL,NULL,"1300",NULL,,"1",NULL,"15","1","2"
"51","38","99",NULL,NULL,NULL,NULL,"99",NULL,"xxx","2",NULL,"1","1","1"
"52","39","987987",NULL,NULL,NULL,NULL,"1500",NULL,,"1",NULL,"15","1","2"
"53","39","987987",NULL,NULL,NULL,NULL,"1500",NULL,,"1",NULL,"15","1","2"
"54","40","789797",NULL,NULL,NULL,NULL,"1200",NULL,,"1",NULL,"15","1","2"
"55","41","55555",NULL,NULL,NULL,NULL,"55",NULL,"vvvv","2",NULL,"17","1","1"
"56","42","999",NULL,NULL,NULL,NULL,"999",NULL,,"1",NULL,"17","1","2"
"57","43","99999",NULL,NULL,NULL,NULL,"9999",NULL,,"2",NULL,"1","1","1"
"58","44","9080890",NULL,NULL,NULL,NULL,"1200",NULL,,"1",NULL,"17","1","1"
"59","45","09890",NULL,NULL,NULL,NULL,"1200",NULL,,"2",NULL,"17","1","2"
"60","46","454654",NULL,NULL,NULL,NULL,"1200",NULL,"rre5454","1",NULL,"17","1","2"
"61","47","9890",NULL,NULL,NULL,NULL,"1900",NULL,"rerer","1",NULL,"17","1","2"
"62","48","890889",NULL,NULL,NULL,NULL,"1200",NULL,,"1",NULL,"1","1","2"
"63","49","89898",NULL,NULL,NULL,NULL,"1300",NULL,,"1",NULL,"1","1","1"
"64","50","7567675",NULL,NULL,NULL,NULL,"1200",NULL,,"1",NULL,"17","1",NULL
"65","51","989989",NULL,NULL,NULL,NULL,"1300",NULL,,"1",NULL,"17","1",NULL
"66","52","65454",NULL,NULL,NULL,NULL,"1700",NULL,,"1",NULL,"17","1",NULL
"67","53","989089890",NULL,NULL,NULL,NULL,"1200",NULL,,"1",NULL,"17","1",NULL
"68","54","809890",NULL,NULL,NULL,NULL,"1700",NULL,,"1",NULL,"17","1",NULL
"69","55","979789",NULL,NULL,NULL,NULL,"1300",NULL,,"1",NULL,"17","1",NULL
"70","56","989798",NULL,NULL,NULL,NULL,"1700",NULL,,"1",NULL,"17","1",NULL
"71","57","76576575",NULL,NULL,NULL,NULL,"1700",NULL,,"1",NULL,"17","1",NULL
"72","58","898890",NULL,NULL,NULL,NULL,"1490",NULL,,"1",NULL,"17","1",NULL
"73","59","989068905",NULL,NULL,NULL,NULL,"1300",NULL,,"1",NULL,"17","1","1"
"74","42","999",NULL,NULL,NULL,NULL,"999",NULL,,"1",NULL,"17","2","2"
"75","60","8979787897",NULL,NULL,NULL,NULL,"1200",NULL,,"1",NULL,"17","1",NULL
"76","60","8979787897",NULL,NULL,NULL,NULL,"1200",NULL,,"1",NULL,"17","1",NULL
"77","61","765756",NULL,NULL,NULL,NULL,"1300",NULL,,"1",NULL,"17","1","1"
"78","62","756756756756",NULL,NULL,NULL,NULL,"1700",NULL,,"1",NULL,"17","1","1"
"79","63","8348238",NULL,NULL,NULL,NULL,"1650",NULL,,"1",NULL,"17","1","2"
"80","64","8754386834",NULL,NULL,NULL,NULL,"1950",NULL,,"1",NULL,"17","1","2"
