"CAR_NCORR","CAR_NBOOKING","CAR_VCONTENIDOCARGA","CAR_NDIASCONTENEDOR","CAR_VMARCA","CAR_VNUMCONTENEDOR","CAR_NPESOCARGA","CAR_VSELLO","CAR_VOBSERVACIONES","TICA_NCORR","TICO_NCORR","OSE_NCORR","ESCA_NCORR","ADA_NCORR","CAR_NCANTIDAD","UM_NCORR","FACT_NCORR","CAR_VOPERACION","GUIA_NCORR","LUG_NCORR_ACTUAL","LUG_NCORR_DEVOLUCION","CAR_FECHADEVOLUCION","CAR_FECHAETA"
"126",,NULL,NULL,NULL,NULL,NULL,NULL,"Observaciones","1",NULL,"55","1",NULL,NULL,NULL,NULL,,"0","14","0","0000-00-00",NULL
"127",,NULL,NULL,NULL,NULL,NULL,NULL,"Observaciones","1",NULL,"55","1",NULL,NULL,NULL,NULL,,"0","14","0","0000-00-00",NULL
"128","999999",NULL,NULL,NULL,NULL,NULL,NULL,,"2",NULL,"55","1",NULL,NULL,NULL,NULL,"45465","0","14","0","0000-00-00",NULL
"129","837557",NULL,NULL,NULL,NULL,NULL,NULL,,"2",NULL,"55","1",NULL,NULL,NULL,NULL,"4343545","0","14","0","0000-00-00",NULL
"130","111111111",NULL,NULL,NULL,NULL,NULL,NULL,,"2",NULL,"55","1",NULL,NULL,NULL,NULL,"22222222","0","14","0","0000-00-00",NULL
"131","2222222222",NULL,NULL,NULL,NULL,NULL,NULL,,"2",NULL,"55","1",NULL,NULL,NULL,NULL,"333333333","0","14","0","0000-00-00",NULL
"132","1",NULL,NULL,NULL,NULL,NULL,NULL,,"2",NULL,"55","1",NULL,NULL,NULL,NULL,"2","0","14","0","0000-00-00",NULL
"133",,NULL,NULL,NULL,NULL,NULL,NULL,"Observaciones","1",NULL,"55","1",NULL,NULL,NULL,NULL,,"0","14","0","0000-00-00",NULL
"134",,NULL,NULL,NULL,NULL,NULL,NULL,"Observaciones","1",NULL,"55","1",NULL,NULL,NULL,NULL,,"0","14","0","0000-00-00",NULL
"135",,NULL,NULL,NULL,NULL,NULL,NULL,"Otros","1",NULL,"55","1",NULL,NULL,NULL,NULL,,"0","14","0","0000-00-00",NULL
"136",,NULL,NULL,NULL,NULL,NULL,NULL,,"1",NULL,"55","1",NULL,NULL,NULL,NULL,,"0","14","0","0000-00-00",NULL
"137",,NULL,NULL,NULL,NULL,NULL,NULL,"Sin observaciones","1",NULL,"56","6",NULL,NULL,NULL,NULL,,"0","2","2","2014-09-19",NULL
"138","999999",NULL,NULL,NULL,NULL,NULL,NULL,,"2",NULL,"56","6",NULL,NULL,NULL,NULL,"888888","0","2","0","0000-00-00",NULL
"139","1111111",NULL,NULL,NULL,NULL,NULL,NULL,,"2",NULL,"56","6",NULL,NULL,NULL,NULL,"222222","0","2","0","0000-00-00",NULL
"140",,NULL,NULL,NULL,NULL,NULL,NULL,,"2",NULL,"56","2",NULL,NULL,NULL,NULL,,"0","12","0","0000-00-00",NULL
"142",NULL,NULL,NULL,NULL,NULL,NULL,NULL,"Sin Observaciones","1",NULL,"56","1",NULL,NULL,NULL,NULL,NULL,"0","0","0","0000-00-00",NULL
"143",NULL,NULL,NULL,NULL,NULL,NULL,NULL,"Sin Observaciones 2","1",NULL,"56","1",NULL,NULL,NULL,NULL,NULL,"0","0","0","0000-00-00",NULL
"144",NULL,NULL,NULL,NULL,NULL,NULL,NULL,"Sin Observaciones","1",NULL,"56","1",NULL,NULL,NULL,NULL,NULL,"0","0","0","0000-00-00",NULL
"145",NULL,NULL,NULL,NULL,NULL,NULL,NULL,"Sin Observaciones 2","1",NULL,"56","1",NULL,NULL,NULL,NULL,NULL,"0","0","0","0000-00-00",NULL
