"2","Sociedad Servicios Maritimos ltda.","79730700-9",NULL,"Transporte",NULL,NULL,NULL,,,"0"
"3","Transportes  Altas Cumbres S.A.","96756150-9",NULL,"Transporte",NULL,NULL,NULL,,,"0"
"4","Mario Antonio Zepeda Alvarez","2979737-4",NULL,"Transporte",NULL,NULL,NULL,,,"0"
"5","Alex Tomas Gonzalez","13456262-5","Direccion","Transporte","Contacto","Fono","mail","Alex Tomas Gonzalez","Actividad","1"
"6","JOSE IGNACIO SAEZ GUINEZ TRANSPORTES E.I.R.L.","76346090-8",NULL,"Transporte",NULL,NULL,NULL,,,"0"
"8","Comercial Karina Aranguiz Galleguillos EIRL","76024082-6",,"Transporte",,,,,,"0"
"9","Daniel Pavez Tapia","3934695-8",NULL,"Transporte",NULL,NULL,NULL,,,"0"
"10","Elza Ines Sanzi e hijos Ltda","78773020-5",NULL,"Transporte",NULL,NULL,NULL,,,"0"
"11","Enrique Ahumada Silva","5561448-2",NULL,"Transporte",NULL,NULL,NULL,,,"0"
"12","Guillermo Rafael Arenas Peraz","7496709-4",NULL,"Transporte",NULL,NULL,NULL,,,"0"
"13","Gustavo  Cabeza","76097101-4",NULL,"Transporte",NULL,NULL,NULL,,,"0"
"14","Hector Pacheco","11970188-0",NULL,"Transporte",NULL,NULL,NULL,,,"0"
"15","Inmobiliaria Transporte la Portena","76052817-k",NULL,"Transporte",NULL,NULL,NULL,,,"0"
"16","Inmobiliria e inversiones  Sta. Catalina Ltda.","76679510-2",NULL,"Transporte",NULL,NULL,NULL,,,"0"
"17","Juan Carlos Alvear gil","6297205-k",NULL,"Transporte",NULL,NULL,NULL,,,"0"
"18","Karina Aranguiz","76024082-6",NULL,"Transporte",NULL,NULL,NULL,,,"0"
"19","Lorena Villaviciencio Hidalgo","13369014-k",NULL,"Trasnporte",NULL,NULL,NULL,,,"0"
"20","Manuel Alvarez","2979737-4",NULL,"Transporte",NULL,NULL,NULL,,,"0"
"21","Maria Alejandra Soto diaz","7859957-K",NULL,"Transporte",NULL,NULL,NULL,,,"0"
"22","Sociedad Trancarrasco y CIA. Ltda.","76790550-5",NULL,"Transporte",NULL,NULL,NULL,,,"0"
"23","Transporte de Contenedores de Chile SA","76566490-K",NULL,"Transporte",NULL,NULL,NULL,,,"0"
"24","Transporte Logistica Placilla 88","76116595-k",NULL,"Transporte",NULL,NULL,NULL,,,"0"
"25","Transporte RVE Ltda.","77889320-7",NULL,"Transporte",NULL,NULL,NULL,,,"0"
"26","Transportes Andreu Ltda.","78763220-3",NULL,"Transporte",NULL,NULL,NULL,,,"0"
"27","Transportes Lamber","76023010-3",NULL,"Transporte",NULL,NULL,NULL,,,"0"
"28","Transportes Nunez Roco CIA.Ltda.","76160610-7",NULL,"Transporte",NULL,NULL,NULL,,,"0"
"29","Trujillo Ltda.","76123750-0",NULL,"Transporte",NULL,NULL,NULL,,,"0"
"30","Transportes Pia Ltda.","76018-663-5",NULL,"Transporte",NULL,NULL,NULL,,,"0"
"31","RUBEN VINUELA","78293170-9",NULL,"Transporte",NULL,NULL,NULL,,,"0"
"32","CECILIA MATILDE RIVEROS MARIN","7293295-1",,"Transporte",,,,"áñ",,"1"
"33","ELIZABETH CECILIA SANTANDER RAMOS","15.352.588-9",NULL,"Transporte",NULL,NULL,NULL,,,"0"
"35","GONZALO ANDRES CATALAN MORA","13.032.501-7",NULL,"Transporte",NULL,NULL,NULL,,,"0"
"36","LEONARDO ANTONIO SANTA MARIA GAETE","9.586.936-K",NULL,"Transporte",NULL,NULL,NULL,,,"0"
"37","MIREYA CORINA CARRENO MARIN","17.680.889-6",NULL,"Transporte",NULL,NULL,NULL,,,"0"
"38","ROSA EDELMIRA ALIAGA BAEZA","5.896.223-6",NULL,"Transporte",NULL,NULL,NULL,,,"0"
"39","SEGUNDO ALEJANDRO CASTILLO MARTINEZ","5.084.348-3",NULL,"Transporte",NULL,NULL,NULL,,,"0"
"40","SONIA ELENA BRAVO ACUNA","7.430.867-8",NULL,"Transporte",NULL,NULL,NULL,,,"0"
"41","MANUEL ALVAREZ MUNOZ","5.904.754-K",NULL,"Transporte",NULL,NULL,NULL,,,"0"
"43","IVAN ALEJANDRO VEGA OLATE","12.832.986-2",NULL,"Transporte",NULL,NULL,NULL,,,"0"
"44","T. NATALIA DEL CARMEN VERA URRA EIRL.","76.037.113-0",NULL,"Transporte",NULL,NULL,NULL,,,"0"
"45","SOTRACON LTDA.","78.999.370-K",NULL,"Transporte",NULL,NULL,NULL,,,"0"
"46","ENRIQUE FELIPE ZANETTA TELLO","14.093.226-4",NULL,"Transporte",NULL,NULL,NULL,,,"0"
"49","German Andres Oyarce Ramirez","16555759-k",,"Transporte de Carga","Germán Oyarce"," 56 (9) 50005570","transportes_agm@live.cl","German Andres Oyarce Ramirez","Transporte con  Rampla","0"
"50","Servicios San Fabian","96979980-4","Longitudinal Sur km 202 3 - Molina","Transporte de Carga por Carretera","Joel Salamanca","752472120",,"Servicios San Fabian","Transporte y Alamcenaje de Cnt","1"
"51","AMV Transportes Ltda","76303924-2","Carretera Los Libertadores N 415 - Depto B5, Los Andes","Transporte Nacional e Interancional de carga","Larry Salazar",,"intraml@gmail.com","AMV Transportes Ltda","Transporte por carretera","0"
"52","Simplex Logistica","76220905-5","General Holley 2363 A 1301","Servicios Logisticos y Transporte","yo",,,"Simplex Inversiones Spa","Transporte y Logistica","1"
"54","Logistica CIMCA SA","22222222-2",,"Transporte Internacional",,,,"Logistica CIMCA SA","33-71229872-9","0"
"55","Jose Rodrigo Calderon","12.817.665-9",,"Transporte Internaiconal",,,,"Jose Rodrigo Calderon","Transporte Internaiconal","0"
"56","J L T Transporte y  Logistica","33333333-3",,"Transporte y  Logistica",,,,"J L T Transporte y  Logistica","20-13533975-0","0"
"57","Trans Fer","44444444-4",,"Transporte Internacional",,,,"Transportes Fernandez","20-08154383-7","0"
"58","Fardaos","66666666-6",,"Transporte Nacional",,,,"Fardaos","20-08154383-7","0"
"59","Carlos Riffo","11.403.788-5",,"Transporte de Carga por carretera","Carlos Riffo",,"gabriela.ogaz.aguilera@gmail.com","Gabriela Esperanza Ogaz Aguilera","Transporte de Carga por carretera","0"
"60","Transportes Tornello","76440124-7 ","PUERTO TERRESTRE LOS ANDES OFICINA 332 EL SAUCE LOS ANDES","Transporte Terrestre","José Luis Tornello",,,"EMPRESA SOCIEDAD COMERCIAL TRANSPORTES TRANS JR LI","Transporte Internacional y Nacional","0"
"61","Mauricio Arriagada","11111111-1",,,,,,"Mauricio Arriagada",,"0"
"62","Transportes Generales Cia","79.753.140-5","Av. Irarrazabal 0180","Transporte Internacional","Angel Gamaro",,,"Transportes Generales","Transporte","0"
