"126",,NULL,NULL,NULL,NULL,NULL,NULL,"Observaciones","1",NULL,"55","5",NULL,NULL,NULL,NULL,,"0","2","0","0000-00-00",NULL
"128","999999",NULL,NULL,NULL,NULL,NULL,NULL,,"2",NULL,"55","3",NULL,NULL,NULL,NULL,"45465","0","0","0","0000-00-00",NULL
"131","2222222222",NULL,NULL,NULL,NULL,NULL,NULL,,"2",NULL,"55","3",NULL,NULL,NULL,NULL,"333333333","0","0","0","0000-00-00",NULL
"133",,NULL,NULL,NULL,NULL,NULL,NULL,"Observaciones","1",NULL,"55","5",NULL,NULL,NULL,NULL,,"0","2","0","0000-00-00",NULL
"137",,NULL,NULL,NULL,NULL,NULL,NULL,"Sin observaciones","1",NULL,"56","6",NULL,NULL,NULL,NULL,,"0","2","2","2014-09-19",NULL
"138","999999",NULL,NULL,NULL,NULL,NULL,NULL,,"2",NULL,"56","6",NULL,NULL,NULL,NULL,"888888","0","2","0","0000-00-00",NULL
"139","1111111",NULL,NULL,NULL,NULL,NULL,NULL,,"2",NULL,"56","6",NULL,NULL,NULL,NULL,"222222","0","2","0","0000-00-00",NULL
"140",,NULL,NULL,NULL,NULL,NULL,NULL,,"2",NULL,"56","6",NULL,NULL,NULL,NULL,,"0","2","0","0000-00-00",NULL
"142",NULL,NULL,NULL,NULL,NULL,NULL,NULL,"Sin Observaciones","1",NULL,"56","2",NULL,NULL,NULL,NULL,NULL,"0","0","0","0000-00-00",NULL
"143",NULL,NULL,NULL,NULL,NULL,NULL,NULL,"Sin Observaciones 2","1",NULL,"56","2",NULL,NULL,NULL,NULL,NULL,"0","0","0","0000-00-00",NULL
"144",NULL,NULL,NULL,NULL,NULL,NULL,NULL,"Sin Observaciones","1",NULL,"56","2",NULL,NULL,NULL,NULL,NULL,"0","0","0","0000-00-00",NULL
"145",NULL,NULL,NULL,NULL,NULL,NULL,NULL,"Sin Observaciones 2","1",NULL,"56","2",NULL,NULL,NULL,NULL,NULL,"0","0","0","0000-00-00",NULL
"146","111",NULL,NULL,NULL,NULL,NULL,NULL,"observ","1",NULL,"55","5",NULL,NULL,NULL,NULL,"R-15/0109","0","2","0","0000-00-00",NULL
"147","22222",NULL,NULL,NULL,NULL,NULL,NULL,"Prueba","2",NULL,"57","6",NULL,NULL,NULL,NULL,,"0","38","0","0000-00-00",NULL
"148","11111",NULL,NULL,NULL,NULL,NULL,NULL,"Prueba 2","2",NULL,"57","6",NULL,NULL,NULL,NULL,,"0","38","0","0000-00-00",NULL
"149",,NULL,NULL,NULL,NULL,NULL,NULL,,"2",NULL,"58","6",NULL,NULL,NULL,NULL,,"0","47","0","0000-00-00",NULL
"157",NULL,NULL,NULL,NULL,NULL,NULL,NULL,"EJEMPLO CONTENEDOR 8","1",NULL,"55","2",NULL,NULL,NULL,NULL,NULL,"0","0","0","0000-00-00",NULL
"158",NULL,NULL,NULL,NULL,NULL,NULL,NULL,"EJEMPLO CONTENEDOR 9","1",NULL,"55","2",NULL,NULL,NULL,NULL,NULL,"0","0","0","0000-00-00",NULL
"159",NULL,NULL,NULL,NULL,NULL,NULL,NULL,"EJEMPLO CONTENEDOR 10","1",NULL,"55","2",NULL,NULL,NULL,NULL,NULL,"0","0","0","0000-00-00",NULL
"430","1111",NULL,NULL,NULL,NULL,NULL,NULL,"EJEMPLO CONTENEDOR 1","1",NULL,"55","2",NULL,NULL,NULL,NULL,"222","0","0","0","0000-00-00",NULL
"447","5998",NULL,NULL,NULL,NULL,NULL,NULL,"CRT CL001/2015","2",NULL,"59","6",NULL,NULL,NULL,NULL,"4548034597","0","43","0","0000-00-00",NULL
"448","5999",NULL,NULL,NULL,NULL,NULL,NULL,"CRT CL002/2015","2",NULL,"59","6",NULL,NULL,NULL,NULL,"4548035408 ","0","43","0","0000-00-00",NULL
"449",,NULL,NULL,NULL,NULL,NULL,NULL,"Destino Walmart","2",NULL,"60","6",NULL,NULL,NULL,NULL,,"0","47","0","0000-00-00",NULL
"450",,NULL,NULL,NULL,NULL,NULL,NULL,"Destino Walmart","2",NULL,"60","6",NULL,NULL,NULL,NULL,,"0","47","0","0000-00-00",NULL
"451",,NULL,NULL,NULL,NULL,NULL,NULL,"Destino Walmart","2",NULL,"60","3",NULL,NULL,NULL,NULL,,"0","0","0","0000-00-00",NULL
"452",,NULL,NULL,NULL,NULL,NULL,NULL,"Destino Walmart","2",NULL,"60","3",NULL,NULL,NULL,NULL,,"0","0","0","0000-00-00",NULL
"453",,NULL,NULL,NULL,NULL,NULL,NULL,"Destino Walmart","2",NULL,"60","2",NULL,NULL,NULL,NULL,,"0","38","0","0000-00-00",NULL
"454",,NULL,NULL,NULL,NULL,NULL,NULL,"Destino Walmart","2",NULL,"60","3",NULL,NULL,NULL,NULL,,"0","0","0","0000-00-00",NULL
"455","9599",NULL,NULL,NULL,NULL,NULL,NULL,"CRT CL001/2015","2",NULL,"59","6",NULL,NULL,NULL,NULL,"4549204336 ","0","43","0","0000-00-00",NULL
"456","6000",NULL,NULL,NULL,NULL,NULL,NULL,"CRT CL003-2015  25/02/2015","1",NULL,"59","2",NULL,NULL,NULL,NULL,"4548035408","0","0","0","0000-00-00",NULL
"457","6000",NULL,NULL,NULL,NULL,NULL,NULL,"CRT CL003-2015  25/02/2015","1",NULL,"55","2",NULL,NULL,NULL,NULL,"4548035408","0","0","0","0000-00-00",NULL
"458","6000",NULL,NULL,NULL,NULL,NULL,NULL,"CRT CL003-2015  25/02/2015","1",NULL,"55","2",NULL,NULL,NULL,NULL,"4548035408","0","0","0","0000-00-00",NULL
"459","6000",NULL,NULL,NULL,NULL,NULL,NULL,"CRT CL003-2015  25/02/2015","1",NULL,"55","2",NULL,NULL,NULL,NULL,"4548035408","0","0","0","0000-00-00",NULL
"460","6001",NULL,NULL,NULL,NULL,NULL,NULL,"CRT CL004-2015 11/03/2015","1",NULL,"55","2",NULL,NULL,NULL,NULL,"4548392437","0","0","0","0000-00-00",NULL
"461","9332",NULL,NULL,NULL,NULL,NULL,NULL,"CRT CL005-2015","1",NULL,"55","2",NULL,NULL,NULL,NULL,"4548491844","0","0","0","0000-00-00",NULL
"462","9387",NULL,NULL,NULL,NULL,NULL,NULL,"CRT CL006-2015","1",NULL,"55","2",NULL,NULL,NULL,NULL,"4548392437","0","0","0","0000-00-00",NULL
"463","9391",NULL,NULL,NULL,NULL,NULL,NULL,"CRT CL007-2015 ","1",NULL,"55","2",NULL,NULL,NULL,NULL,"4548656455","0","0","0","0000-00-00",NULL
"464","9323",NULL,NULL,NULL,NULL,NULL,NULL,"CRT CL027-2015","1",NULL,"55","2",NULL,NULL,NULL,NULL,"4548392437","0","0","0","0000-00-00",NULL
"465","9515",NULL,NULL,NULL,NULL,NULL,NULL,"CRT 001AR-2015  ","1",NULL,"55","2",NULL,NULL,NULL,NULL,"4548945643","0","0","0","0000-00-00",NULL
"466","9415",NULL,NULL,NULL,NULL,NULL,NULL,"CRT OFS0022 2015CL","1",NULL,"55","2",NULL,NULL,NULL,NULL,"4548662566","0","0","0","0000-00-00",NULL
"467","9552",NULL,NULL,NULL,NULL,NULL,NULL,"CRT 002AR2015","1",NULL,"55","2",NULL,NULL,NULL,NULL,"4548662566","0","0","0","0000-00-00",NULL
"468","6000",NULL,NULL,NULL,NULL,NULL,NULL,"CRT CL003-2015  25/02/2015","1",NULL,"55","2",NULL,NULL,NULL,NULL,"4548035408","0","0","0","0000-00-00",NULL
"469","6001",NULL,NULL,NULL,NULL,NULL,NULL,"CRT CL004-2015 11/03/2015","1",NULL,"55","2",NULL,NULL,NULL,NULL,"4548392437","0","0","0","0000-00-00",NULL
"470","9332",NULL,NULL,NULL,NULL,NULL,NULL,"CRT CL005-2015","1",NULL,"55","2",NULL,NULL,NULL,NULL,"4548491844","0","0","0","0000-00-00",NULL
"471","9387",NULL,NULL,NULL,NULL,NULL,NULL,"CRT CL006-2015","1",NULL,"55","2",NULL,NULL,NULL,NULL,"4548392437","0","0","0","0000-00-00",NULL
"472","9391",NULL,NULL,NULL,NULL,NULL,NULL,"CRT CL007-2015 ","1",NULL,"55","2",NULL,NULL,NULL,NULL,"4548656455","0","0","0","0000-00-00",NULL
"473","9323",NULL,NULL,NULL,NULL,NULL,NULL,"CRT CL027-2015","1",NULL,"55","2",NULL,NULL,NULL,NULL,"4548392437","0","0","0","0000-00-00",NULL
"474","9515",NULL,NULL,NULL,NULL,NULL,NULL,"CRT 001AR-2015  ","1",NULL,"55","2",NULL,NULL,NULL,NULL,"4548945643","0","0","0","0000-00-00",NULL
"475","9415",NULL,NULL,NULL,NULL,NULL,NULL,"CRT OFS0022 2015CL","1",NULL,"55","2",NULL,NULL,NULL,NULL,"4548662566","0","0","0","0000-00-00",NULL
"476","9552",NULL,NULL,NULL,NULL,NULL,NULL,"CRT 002AR2015","1",NULL,"55","2",NULL,NULL,NULL,NULL,"4548662566","0","0","0","0000-00-00",NULL
"486","6000",NULL,NULL,NULL,NULL,NULL,NULL,"CRT CL003-2015  25/02/2015","2",NULL,"55","2",NULL,NULL,NULL,NULL,"4548035408","0","0","0","0000-00-00",NULL
"487","6001",NULL,NULL,NULL,NULL,NULL,NULL,"CRT CL004-2015 11/03/2015","2",NULL,"55","2",NULL,NULL,NULL,NULL,"4548392437","0","0","0","0000-00-00",NULL
"488","9332",NULL,NULL,NULL,NULL,NULL,NULL,"CRT CL005-2015","2",NULL,"55","2",NULL,NULL,NULL,NULL,"4548491844","0","0","0","0000-00-00",NULL
"489","9387",NULL,NULL,NULL,NULL,NULL,NULL,"CRT CL006-2015","2",NULL,"55","2",NULL,NULL,NULL,NULL,"4548392437","0","0","0","0000-00-00",NULL
"490","9391",NULL,NULL,NULL,NULL,NULL,NULL,"CRT CL007-2015 ","2",NULL,"55","2",NULL,NULL,NULL,NULL,"4548656455","0","0","0","0000-00-00",NULL
"491","9323",NULL,NULL,NULL,NULL,NULL,NULL,"CRT CL027-2015","2",NULL,"55","2",NULL,NULL,NULL,NULL,"4548392437","0","0","0","0000-00-00",NULL
"492","9515",NULL,NULL,NULL,NULL,NULL,NULL,"CRT 001AR-2015  ","2",NULL,"55","2",NULL,NULL,NULL,NULL,"4548945643","0","0","0","0000-00-00",NULL
"493","9415",NULL,NULL,NULL,NULL,NULL,NULL,"CRT OFS0022 2015CL","2",NULL,"55","2",NULL,NULL,NULL,NULL,"4548662566","0","0","0","0000-00-00",NULL
"494","9552",NULL,NULL,NULL,NULL,NULL,NULL,"CRT 002AR2015","2",NULL,"55","2",NULL,NULL,NULL,NULL,"4548662566","0","0","0","0000-00-00",NULL
"495",,NULL,NULL,NULL,NULL,NULL,NULL,"CRT CL006/2015","2",NULL,"59","6",NULL,NULL,NULL,NULL,,"0","43","0","0000-00-00",NULL
"496","10034",NULL,NULL,NULL,NULL,NULL,NULL,"CRT GEN007CH Aceite","2",NULL,"59","2",NULL,NULL,NULL,NULL,,"0","42","0","0000-00-00",NULL
"497","9955",NULL,NULL,NULL,NULL,NULL,NULL,"CRT 23CINCA2015  HARINA","2",NULL,"59","6",NULL,NULL,NULL,NULL,,"0","43","0","0000-00-00",NULL
