"1","1","5",NULL,NULL,NULL,NULL,"450000"
"2","2","5",NULL,NULL,NULL,NULL,"320000"
"3","3","5",NULL,NULL,NULL,NULL,"500000"
"4","7","1",NULL,NULL,NULL,NULL,"120000"
"5","9","1",NULL,NULL,NULL,NULL,"70000"
"6","8","1",NULL,NULL,NULL,NULL,"120000"
"7","7","50",NULL,NULL,NULL,NULL,"120000"
"8","8","50",NULL,NULL,NULL,NULL,"120000"
"9","9","50",NULL,NULL,NULL,NULL,"70000"
"10","15","50",NULL,NULL,NULL,NULL,"140000"
"11","16","50",NULL,NULL,NULL,NULL,"70000"
"12","12","49",NULL,NULL,NULL,NULL,"65000"
"13","13","49",NULL,NULL,NULL,NULL,"90000"
"14","17","50",NULL,NULL,NULL,NULL,"82000"
"15","18","50",NULL,NULL,NULL,NULL,"82000"
"16","10","51",NULL,NULL,NULL,NULL,"2100"
"17","10","54",NULL,NULL,NULL,NULL,"2100"
"18","10","55",NULL,NULL,NULL,NULL,"2100"
"19","10","56",NULL,NULL,NULL,NULL,"2100"
"20","10","57",NULL,NULL,NULL,NULL,"2100"
"21","10","58",NULL,NULL,NULL,NULL,"2100"
"22","10","53",NULL,NULL,NULL,NULL,"2100"
"23","13","59",NULL,NULL,NULL,NULL,"90000"
"24","10","60",NULL,NULL,NULL,NULL,"2100"
"25","10","62",NULL,NULL,NULL,NULL,"2100"
