"1","1","TPS",,"L0001","Valparaiso","1","29","1","1","1"
"2","1","STI",,"L0002","San Antonio","1","30","1","1","1"
"3","1","LIRQUEN",,"L0003","Lirquen","1","31","1","1","1"
"4","1","CORNEL","Ã¡Ã±","L0004","Coronel","1","32","1","1","1"
"5","3","ZEAL",,"L0005","Valparaiso","3","29","1","1","1"
"6","3","SAAM (Valp)",,"L0006","Valparaiso","3","29","1","1","1"
"7","3","SAN FRANCISCO SAI",,"L0007","San Antonio","3","30","1","1","1"
"8","3","SAN FRANCISCO VAP",,"L0008","Valparaiso","3","29","1","1","1"
"9","3","DYC SAI",,"L0009","San Antonio","3","30","1","1","1"
"10","3","CONTOPSA SAI",,"L0010","San Antonio","3","30","1","1","1"
"11","3","DEPOT BIGGIO VAP",,"L0011","Valparaiso","3","29","1","1","1"
"12","3","DYC VAP",,"L0012","Valparaiso","3","29","1","1","1"
"14","2","DYC SCL",,"L0014","Santiago","2","14","1","0","1"
"16","2","LOCSA",,"L0016","Santiago","2","14","1","0","1"
"17","2","LABRA",,"L0017","Santiago","2","33","1","0","1"
"18","2","SITRANS SCL",,"L0018","Santiago","2","33","1","1","1"
"19","2","SAAM SCL",,"L0019","Santiago","2","33","1","1","1"
"20","2","AGUNSA SCL",,"L0020","Santiago","2","33","1","1","1"
"22","2","CONTOPSA SCL",,"L0022","Santiago","2","33","1","1","1"
"23","4","SODIMAC- CD Lo Espejo",,"L0023","Santiago","4","33","0","0","1"
"24","4","DERCO - Lo Boza",,"L0024","Santiago","4","33","0","1","1"
"25","4","SODIMAC - Lo Echevers",,"L0025","Santiago","4","33","0","1","1"
"26","4","Concha y Toro - Pirque",,"L0026","Santiago","4","33","0","1","1"
"27","4","Concha y Toro - Lo Espejo",,"L0027","Santiago","4","33","0","1","1"
"28","4","San Pedro - Lo Espejo",,"L0028","Santiago","4","33","0","1","1"
"32",NULL,"VICSA - Farfana",,"L0029","Santiago","4",NULL,"0","1","1"
"33",NULL,"Wausau - General Velasquez"," CompaÃ±ia 1390 905","L0030","Santiago","4",NULL,"0","1","1"
"34",NULL,"Wausau - Papelera Herrera","Las CaÃ±as 924","L0031","Valparaiso","4",NULL,"0","0","1"
"35",NULL,"EASY - La Farfana",,"L0032","Santiago","4",NULL,"0","0","1"
"36",NULL,"Origen","Origen","L0033","Santiago","4",NULL,"1","1","1"
"37",NULL,"Moletto - Matucana","Av. Matucana 1223","L0034","Santiago","4",NULL,"1","1","1"
"38",NULL,"Moletto - Pto Madero","Puerto Madero 9710 Bodega Z19","L0035","Santiago","4","38","1","1","1"
"39",NULL,"Moletto - Laguna Sur","Laguna Sur Bodega A9","L0036","Santiago","4",NULL,"1","1","1"
"40",NULL,"DepÃ³sito Lo Herrera","Pdte Jorge Alessandri R. 24.481 Lo Herrera, San Bernardo","L0037","Santiago","1",NULL,"1","1","1"
"41",NULL,"GM - Lo Boza","Av. Lo Boza #120-C, Pudahuel","L0038","Santiago","4",NULL,"1","1","1"
"42",NULL,"Bodega Pacific Star","Buzeta 3915, Cerrillos","L0039","Santiago","2","42","1","1","1"
"43",NULL,"Nestle Santo Tomas","Ruta 11 Km 457, Santo Tomas","L0040","Santa Fe","4",NULL,"0","1","1"
"44",NULL,"DepÃ³sito RenÃ© SAI",,"L0041","San Antonio","3",NULL,"1","1","1"
"45",NULL,"DepÃ³sito RenÃ© VAP",,"L0042","Valparaiso","3",NULL,"1","1","1"
"46",NULL,"GM - ACDELCO Antofa","Av. El CoigÃ¼e 450 la portada Antofagasta","L0043","Antofagasta","4",NULL,"0","0","1"
"47",NULL,"Moletto - Cliente","Walmart - Jumbo","L0044","Santiago","4",NULL,"0","0","1"
"48",NULL,"Bodega Simplex Lo Boza","Volcan Lascar 801  3D, Pudahuel ","L0045","Santiago","2",NULL,"1","1","1"
"49",NULL,"STI (IMO)","Pto San Antonio","L0046","San Antonio","1",NULL,"1","1","1"
"50",NULL,"ZEAL (IMO)","Pto Valparaiso","L0047","Valparaiso","1",NULL,"1","1","1"
"51",NULL,"GM - Janssen","Panamericana Norte 5353 ConchalÃ­","L0048","Santiago","4",NULL,"0","0","1"
"52",NULL,"GM - Dimac","Til Til 1980 Ã‘uÃ±oa","L0049","Santiago","4",NULL,"0","0","1"
"53",NULL,"Trasvasije",,"LS001","Santiago","2","40","1","1","1"
