"55555555","Nestle Argentina Purina",,"Miguel Pereyra","Direccion",NULL,NULL,"Bs Aires","Fabricacion de alimentos","Fono",,"30","Nestle Argentina Purina","Actividad"
"76056575","WAUSAU",,"Juan Politeo","COMPANIA",NULL,"76056575","Santiago","VENTA AL POR MAYOR DE PAPEL Y CARTON","1234567",,"20","Comercializadora WAUSAU Conosur","VENTA AL POR MAYOR DE PAPEL Y CARTON"
"76242324","VICSA SEAFTY",,"Luis Castillo","Pintor Cicarelli 683",NULL,NULL,"San Joanquin","VENTA AL POR MAYOR DE OTROS PRODUCTOS N."," 56 2 25894100",,"20","VICSA SAFETY COMERCIAL LIMITADA",
"76360653","DGRU S.A.",,"Jorge Martinez","Agustinas 1442 A907",NULL,NULL,"Santiago","VENTA AL POR MAYOR DE MAQUINARIA, HERRAMIENTAS","56 9 77641277",,"5","DGRU S.A.","Arriendo de Gruas Torre"
"81866400","Fosko S.A.",,"Luisa Contreras","Brown Norte  797",NULL,NULL,"Nunoa","FABRICACION DE OTROS ARTICULOS DE PLASTI","56 2 23986100",,"5","Fabrica de Envases Fosko S.A.",
"90914000","Moletto",,"Pablo Saavedra","Av. Matucana 1223",NULL,"90914000","Santiago","Manufacturas Textiles","56 9 87464245",,"10","Moletto Hermanos S.A.","Comercialización de Textiles"
"93515000","General Motors",,"Jerome Faundez","Av. Américo Vespucio Norte 811",NULL,NULL,"Huachuraba","Fabricación de Vehículos Automotores","56 (2) 25206210",,"30","General Motors Chile Industria Automotriz Ltda","Venta de Vehículos"
"96690870","Integrity S.A.",,"Patricio Almonte","San Pablo Antiguo S/N ",NULL,NULL,"San Pablo","Venta al por mayor de otros productos ","56 2 2904791",,"5","Integrity S.A.","Venta bandejas Plásticos"
"96733780","Ultra Pac",,"Patricio Almonte","San Pablo Antiguo S/N ",NULL,NULL,"Pudahuel","FABRICACION DE OTROS ARTICULOS DE PLASTI","56 2 24904791",,"5","Ultra Pac Sudamericana S.A",
