"1","DPRT-98","1",NULL,NULL
"2","DPRP-56","1",NULL,NULL
"3","CHHC-39","1",NULL,NULL
"4","ND-4653","1",NULL,NULL
"5","DPRT-99","1",NULL,NULL
"6","DPXP-59","1",NULL,NULL
"7","VH-1636","45",NULL,NULL
"8","ABCD12","5","Camion 1",
"9","ABCD11","5","Camion 2",
"10","FG4142","48",,
"11","CSDL95","48",,
"12","FG4142","49","International","1987"
"13","CSDL95","49","Freightliner","2000 FLD120"
"14","CT6039","49","Volvo"," CamiÃ³n de Alexis"
"15","HQV083","51","IVECO","380"
"16","ABCD123","54","Volvo","Volvo"
"17","ABCD12","54","Volvo","Volvo"
"18","ABC123","54","Volvo","Volvo"
"19","ACB123","54","Volvo","Volvo"
"20","ABC123","54","Volvo","Volvo"
"21","NH2948","59",,
"22","FPD-432","58","RENAULT 420P DCI",
"23","YD-6392","58","Internacional 2005",
"24","YD-6392","56","INTERNATIONAL","AÃ±o 2005"
"25","YD-6392","60","International","Plano"
"26","NC 7567","62",,"FL 2000"
