"229","paso 1",NULL,NULL
"230","paso 3",NULL,NULL
"231","paso 4",NULL,NULL
"232","paso 1",NULL,NULL
"233","paso 4",NULL,NULL
"234","paso 1",NULL,NULL
"235","paso 3",NULL,NULL
"236","paso 4",NULL,NULL
"237","paso 1",NULL,NULL
"238","paso 4",NULL,NULL
"239","paso 1",NULL,NULL
"240","paso 4",NULL,NULL
"241","paso 1",NULL,NULL
"242","paso 3",NULL,NULL
"243","paso 4",NULL,NULL
"244","paso 1",NULL,NULL
"245","paso 4",NULL,NULL
"246","paso 1",NULL,NULL
"247","paso 4",NULL,NULL
"248","paso 1",NULL,NULL
"249","paso 3",NULL,NULL
"250","paso 4",NULL,NULL
"251","paso 1",NULL,NULL
"252","paso 4",NULL,NULL
"253","paso 1",NULL,NULL
"254","paso 4",NULL,NULL
"255","paso 1",NULL,NULL
"256","paso 4",NULL,NULL
"257","paso 1",NULL,NULL
"258","paso 4",NULL,NULL
"259","paso 1",NULL,NULL
"260","paso 3",NULL,NULL
"261","paso 4",NULL,NULL
"262","paso 1",NULL,NULL
"263","paso 3",NULL,NULL
"264","paso 4",NULL,NULL
"265","paso 1",NULL,NULL
"266","paso 3",NULL,NULL
"267","paso 4",NULL,NULL
"268","paso 1",NULL,NULL
"269","paso 4",NULL,NULL
"270","paso 1",NULL,NULL
"271","paso 4",NULL,NULL
"272","paso 1",NULL,NULL
"273","paso 4",NULL,NULL
"274","paso 1",NULL,NULL
"275","paso 4",NULL,NULL
"276","paso 1",NULL,NULL
"277","paso 4",NULL,NULL
"278","paso 1",NULL,NULL
"279","paso 4",NULL,NULL
"280","paso 1",NULL,NULL
"281","paso 4",NULL,NULL
"282","paso 1",NULL,NULL
"283","paso 4",NULL,NULL
"284","paso 1",NULL,NULL
"285","paso 4",NULL,NULL
