"1","1","admin","Administrador","-","-",".","admin"
"2","2","pperez","Pedro","Perez","-","-","pperez"
"3","3","coordinador","Coordinador","Transporte","-","-","coordinador"
"4","1","cgonzalez","Camilo","Gonzalez",NULL,NULL,",.cgonzalez"
"5","1","haichele","Hardy","Aichele","Oyarzún","hardy.aichele@capturactiva.com",",.haichele"
"6","2","vendedor","usuario","vendedor","-","vendedor@simplexlogisitca.cl","vendedor"
"7","2","Igna","Ignacio","Unzueta",,"info@simplexlogistica.cl","ignacio"
"8","3","Javiera","Javiera ","Araya",,"jaraya@simplexlogistica.cl","jaraya"
