"1","1","admin","Administrador","-","-",".","4321"
"2","2","pperez","Pedro","Perez","-","-","pperez"
"3","3","coordinador","Coordinador","Transporte","-","-","coordinador"
"4","1","cgonzalez","Camilo","Gonzalez",,"cigonzalez@simplexlogistica.cl","admin"
"5","1","haichele","Hardy","Aichele","Oyarzún","hardy.aichele@capturactiva.com",",.haichele"
"6","2","vendedor","usuario","vendedor","-","vendedor@simplexlogisitca.cl","vendedor"
"7","2","Igna","Ignacio","Unzueta",,"info@simplexlogistica.cl","ignacio"
"9","1","Ariel","Ariel","Musumeci",,"arielmusumeci@yahoo.com","4321"
"11","1","Norman","Norman","Rigual","Cloralt","nrigual@simplexlogistica.cl","Simplex"
