"1","1","Transporte"
"2","1","Gate In/Out"
"3","1","Almacenaje Carga"
"4","1","Estadia Camion"
"5","1","Recepcion /Despacho Carga"
"6","1","Desconsolidacion"
"7","1","Repalletizado"
"8","1","Serv. Valor Agr Carga"
"9","1","Otros"
"10","2","Transporte"
"11","2","Gate In/Out"
"12","2","Almacenaje Carga"
"13","2","Estadia Camion"
"14","2","Recepcion /Despacho Carga"
"15","2","Consolidacion"
"16","2","Repalletizado"
"17","2","Serv. Valor Agr Carga"
"18","2","Otros"
"19","3","Transporte"
"20","3","Gate In/Out"
"21","3","Almacenaje Carga"
"22","3","Estadia Camion"
"23","3","Recepcion /Despacho Carga"
"24","3","Desconsolidacion"
"25","3","Repalletizado"
"26","3","Serv. Valor Agr Carga"
"27","3","Carguio / Descarguio"
"28","3","Otros"
"29","4","Transporte"
"30","4","Estadia Camion"
"31","4","Seguro"
"32","4","Gastos Aduaneros"
"33","4","Custodia"
"34","4","Representante"
"35","4","Recepcion /Despacho Carga"
"36","4","Consolidacion"
"37","4","Serv. Valor Agr Carga"
"38","4","Otros"
"39","5","Transporte"
"40","5","Estadia Camion"
"41","5","Seguro"
"42","5","Gastos Aduaneros"
"43","5","Custodia"
"44","5","Representante"
"45","5","Recepcion /Despacho Carga"
"46","5","Consolidacion"
"47","5","Serv. Valor Agr Carga"
"48","5","Otros"
"49","6","Traslado"
"50","6","Arriendo"
"51","6","Mantencion"
"52","6","Reparacion"
"53","6","Otros"
"54","7","Transporte"
"55","7","Almacenaje de Carga"
"56","7","Estadia de camion"
"57","7","Recepcion /Despacho Carga"
"58","7","Desconsolidacion"
"59","7","Repalletizado"
"60","7","Serv. Valor Agr Carga"
"61","7","Carguio / Descarguio"
"62","7","Otros"
"63","8","Almacenaje Carga"
"64","8","Recepcion /Despacho Carga"
"65","8","Desconsolidacion"
"66","8","Consolidacion"
"67","8","Repalletizado"
"68","8","Serv. Valor Agr Carga"
"69","8","Carguio / Descarguio"
"70","8","Otros"
