"1","DPRT-98","1",NULL,NULL
"2","DPRP-56","1",NULL,NULL
"3","CHHC-39","1",NULL,NULL
"4","ND-4653","1",NULL,NULL
"5","DPRT-99","1",NULL,NULL
"6","DPXP-59","1",NULL,NULL
"7","VH-1636","45",NULL,NULL
"8","ABCD12","5","Camion 1",
"9","ABCD11","5","Camion 2",
"10","FG4142","48",,
"11","CSDL95","48",,
"12","FG4142","49","International","1987"
"13","CSDL95","49","Freightliner","2000 FLD120"
"14","CT6039","49","Volvo"," CamiÃ³n de Alexis"
"15","HQV083","51","IVECO","380"
"16","ABCD123","54","Volvo","Volvo"
"17","ABCD12","54","Volvo","Volvo"
"18","ABC123","54","Volvo","Volvo"
"19","ACB123","54","Volvo","Volvo"
"20","ABC123","54","Volvo","Volvo"
"21","NH2948","59",,
"22","FPD-432","58","RENAULT 420P DCI",
"23","YD-6392","58","Internacional 2005",
"24","YD-6392","56","INTERNATIONAL","AÃ±o 2005"
"25","YD-6392","60","International","Plano"
"26","NC 7567","62",,"FL 2000"
"27","CAXU995305","65",,
"28","MSCU375949","65","40",
"29","CRXV981036","65","40",
"30","NYKU403584","65","40",
"31","MSCU912308","65","40",
"32","FG4142","68","INTERNATIONAL","INTERNATIONAL"
"33","YD8083","68","INTERNATIONAL","INTERNATIONAL"
"34",,"68",,
"35","RA6485","67","VOLVO","FM 12"
"36","HCDL21","69","RENAULT","PRIMIUM 460"
"37","PD4576","69","VOLVO","FM12"
"38","TI4089","69","FREIGHLINE","M12 112"
"39","BPWD24","69","VOLVO","FM 12"
"40","YD8083","70","International","9800i"
"41","FG4142","70","International","1994"
"42","CFYS-48","72","Mercedes-Benz ","FurgÃ³n  14 Pallet, Atego1718 "
"43","KX-6148","73",,"8 Pallet"
"44","DLYX-36","73",,"8 Pallet"
"45","BWGB-97","74",,
"46","RO 1111","71",,
"47","MA1111","78",,
"48","IN000","79",,
"49","KX6149","56",,
"50","DLYX36","56",,
"51","KX6X48","80","FOTON","NEW AUMARK S815E5"
"52","DLYX36","80","MITSUBISHI",
"53","MAV001","81",,
"54","LXWJ28","77",,
"55","DDFW72","75","HYUNDAY","H1"
"56","KJJF45","82","KIA","FRONTIER"
"57","BWGB97","83","PEUGEOT","BOXER"
"58","PBHT85","84",,
"59","ABc342","85","Ford","l3"
