"502","2009977",NULL,NULL,NULL,NULL,NULL,NULL,,"2",NULL,"63","6",NULL,NULL,NULL,NULL,"1745480","0","57","0","0000-00-00",NULL
"504","1787421",NULL,NULL,NULL,NULL,NULL,NULL,,"2",NULL,"64","6",NULL,NULL,NULL,NULL,"2060469","0","58","0","0000-00-00",NULL
"505","1787481",NULL,NULL,NULL,NULL,NULL,NULL,,"2",NULL,"63","6",NULL,NULL,NULL,NULL,"2060539","0","57","0","0000-00-00",NULL
"506",,NULL,NULL,NULL,NULL,NULL,NULL," 01/09/2020","2",NULL,"65","6",NULL,NULL,NULL,NULL,,"0","70","0","0000-00-00",NULL
"507",,NULL,NULL,NULL,NULL,NULL,NULL,"02/09/2020  Retiro ATO Enea 4.","2",NULL,"65","6",NULL,NULL,NULL,NULL,,"0","70","0","0000-00-00",NULL
"508",,NULL,NULL,NULL,NULL,NULL,NULL,"03/09/2020 Retiro ATO  Enea 4","2",NULL,"65","6",NULL,NULL,NULL,NULL,,"0","70","0","0000-00-00",NULL
"509",,NULL,NULL,NULL,NULL,NULL,NULL," 01/09/2020 Jornada ","2",NULL,"67","6",NULL,NULL,NULL,NULL,,"0","72","0","0000-00-00",NULL
"510",,NULL,NULL,NULL,NULL,NULL,NULL,"01/09/2020 Jornada","2",NULL,"68","6",NULL,NULL,NULL,NULL,,"0","72","0","0000-00-00",NULL
"511",,NULL,NULL,NULL,NULL,NULL,NULL,"02/09/2020 Jornada","2",NULL,"67","6",NULL,NULL,NULL,NULL,,"0","72","0","0000-00-00",NULL
"512",,NULL,NULL,NULL,NULL,NULL,NULL,"03/09/2020  Jornada ","2",NULL,"67","6",NULL,NULL,NULL,NULL,,"0","73","0","0000-00-00",NULL
"513",,NULL,NULL,NULL,NULL,NULL,NULL,"02/09/2020 Jornada","2",NULL,"68","6",NULL,NULL,NULL,NULL,,"0","74","0","0000-00-00",NULL
"514",,NULL,NULL,NULL,NULL,NULL,NULL,"03/09/2020 Jornada ","2",NULL,"68","6",NULL,NULL,NULL,NULL,,"0","74","0","0000-00-00",NULL
"517",,NULL,NULL,NULL,NULL,NULL,NULL,"04/09/2020 Retiro ATO Enea 4","2",NULL,"65","6",NULL,NULL,NULL,NULL,,"0","70","0","0000-00-00",NULL
"518",,NULL,NULL,NULL,NULL,NULL,NULL,"05/09/2020  Retiro ATO Enea 4","2",NULL,"65","6",NULL,NULL,NULL,NULL,,"0","70","0","0000-00-00",NULL
"519",,NULL,NULL,NULL,NULL,NULL,NULL,"07/09/2020 Retiro ATO Enea 4","2",NULL,"65","6",NULL,NULL,NULL,NULL,,"0","70","0","0000-00-00",NULL
"520","3004580",NULL,NULL,NULL,NULL,NULL,NULL,"04/09/2020  Jornada Carga programada 6 pallet.","2",NULL,"67","6",NULL,NULL,NULL,NULL,,"0","72","0","0000-00-00",NULL
"521","3004611",NULL,NULL,NULL,NULL,NULL,NULL,"07/09/2020 Jornada Carga programada 13 pallet.","2",NULL,"67","6",NULL,NULL,NULL,NULL,,"0","72","0","0000-00-00",NULL
"522","3004611",NULL,NULL,NULL,NULL,NULL,NULL,"08/09/2020 Jornada.","2",NULL,"67","6",NULL,NULL,NULL,NULL,,"0","72","0","0000-00-00",NULL
"523",,NULL,NULL,NULL,NULL,NULL,NULL,"09/08/2020  Jornada.","2",NULL,"67","6",NULL,NULL,NULL,NULL,,"0","72","0","0000-00-00",NULL
"524",,NULL,NULL,NULL,NULL,NULL,NULL,"10/09/2020 Jornada","2",NULL,"67","6",NULL,NULL,NULL,NULL,,"0","73","0","0000-00-00",NULL
"525",,NULL,NULL,NULL,NULL,NULL,NULL,"11/09/2020 Jornada ","2",NULL,"67","6",NULL,NULL,NULL,NULL,,"0","73","0","0000-00-00",NULL
"527",,NULL,NULL,NULL,NULL,NULL,NULL,"08/09/2020 Retiro ATO  a Enea 4","2",NULL,"65","6",NULL,NULL,NULL,NULL,,"0","70","0","0000-00-00",NULL
"528",,NULL,NULL,NULL,NULL,NULL,NULL,"09/09/2020 Retiro ATO a Enea 4.","2",NULL,"65","6",NULL,NULL,NULL,NULL,,"0","70","0","0000-00-00",NULL
"529",,NULL,NULL,NULL,NULL,NULL,NULL,"10/09/2020 Jornada.","2",NULL,"65","6",NULL,NULL,NULL,NULL,,"0","70","0","0000-00-00",NULL
"530",,NULL,NULL,NULL,NULL,NULL,NULL,"11/09/2020 Jornada.","2",NULL,"65","6",NULL,NULL,NULL,NULL,,"0","70","0","0000-00-00",NULL
"531",,NULL,NULL,NULL,NULL,NULL,NULL,"12/09/2020 Jornada.","2",NULL,"65","6",NULL,NULL,NULL,NULL,,"0","70","0","0000-00-00",NULL
"532",,NULL,NULL,NULL,NULL,NULL,NULL,"14/09/2020  Jornada.","2",NULL,"65","6",NULL,NULL,NULL,NULL,,"0","71","0","0000-00-00",NULL
"533",,NULL,NULL,NULL,NULL,NULL,NULL,"15/09/2020 Jornada.","2",NULL,"65","6",NULL,NULL,NULL,NULL,,"0","71","0","0000-00-00",NULL
"534",,NULL,NULL,NULL,NULL,NULL,NULL,"16/09/2020 Turno 1","2",NULL,"65","2",NULL,NULL,NULL,NULL,,"0","70","0","0000-00-00",NULL
"535",,NULL,NULL,NULL,NULL,NULL,NULL,"17/09/2020 Jornada.","2",NULL,"65","6",NULL,NULL,NULL,NULL,,"0","71","0","0000-00-00",NULL
"536",,NULL,NULL,NULL,NULL,NULL,NULL,"14/09/2020 Jornada.","2",NULL,"67","2",NULL,NULL,NULL,NULL,,"0","72","0","0000-00-00",NULL
"537",,NULL,NULL,NULL,NULL,NULL,NULL,"15/09/2020 Jornada.","2",NULL,"67","6",NULL,NULL,NULL,NULL,,"0","73","0","0000-00-00",NULL
"538",,NULL,NULL,NULL,NULL,NULL,NULL,"16/09/2020 Jornada.","2",NULL,"67","6",NULL,NULL,NULL,NULL,,"0","73","0","0000-00-00",NULL
"539",,NULL,NULL,NULL,NULL,NULL,NULL,"17/09/2020 Jornada.","2",NULL,"67","6",NULL,NULL,NULL,NULL,,"0","73","0","0000-00-00",NULL
"541","14270",NULL,NULL,NULL,NULL,NULL,NULL," Viaje - 04/08/2020 F: R14270, R14280, R15170,  R11790   CRT: 400.501.648/649/650/651 Descarga - 17/08/2020.","2",NULL,"69","6",NULL,NULL,NULL,NULL,,"0","41","0","0000-00-00",NULL
"542","14060",NULL,NULL,NULL,NULL,NULL,NULL,"Viaje - 06/08/2020F: R14060, R13660CRT: 400.501.654/655Descarga - 18/08/2020","2",NULL,"70","6",NULL,NULL,NULL,NULL,,"0","41","0","0000-00-00",NULL
"543","15590",NULL,NULL,NULL,NULL,NULL,NULL,"Viaje - 07/08/2020F: R15590   CRT: 400.501.656Descarga - 19/08/2020.","2",NULL,"69","6",NULL,NULL,NULL,NULL,,"0","41","0","0000-00-00",NULL
"544","16000",NULL,NULL,NULL,NULL,NULL,NULL,"Viaje - 12/08/2020F: R16000, R15580, R15600CRT: 400.501.661/662/663Descarga - 24/08/2020.","2",NULL,"69","6",NULL,NULL,NULL,NULL,,"0","41","0","0000-00-00",NULL
"545","16770",NULL,NULL,NULL,NULL,NULL,NULL,"Viaje - 21/08/2020F: R16770CRT: 400.501.666Descarga - 28/08/2020","2",NULL,"69","6",NULL,NULL,NULL,NULL,,"0","41","0","0000-00-00",NULL
"546","16130",NULL,NULL,NULL,NULL,NULL,NULL,"Viaje - 24/08/2020F: R16130CRT: 400.501.672","2",NULL,"69","6",NULL,NULL,NULL,NULL,,"0","41","0","0000-00-00",NULL
"547","17600",NULL,NULL,NULL,NULL,NULL,NULL,"Viaje - 04/09/2020F: R17600CRT: 400.501.671","2",NULL,"69","6",NULL,NULL,NULL,NULL,,"0","41","0","0000-00-00",NULL
"548","18330",NULL,NULL,NULL,NULL,NULL,NULL,"Viajes - 11/09/2020 F: R18330, R18360 CRT: 400.501. 675/676","2",NULL,"69","6",NULL,NULL,NULL,NULL,,"0","65","0","0000-00-00",NULL
"549","15770",NULL,NULL,NULL,NULL,NULL,NULL,"Viaje - 11/08/2020F: R15770, R15780, R16010CRT:400.501.657/658/659Descarga - 24/08/2020","2",NULL,"70","6",NULL,NULL,NULL,NULL,,"0","41","0","0000-00-00",NULL
"550","18300",NULL,NULL,NULL,NULL,NULL,NULL,"Viaje - 11/09/2020F: R18300CRT: 400.501.674","2",NULL,"70","6",NULL,NULL,NULL,NULL,,"0","41","0","0000-00-00",NULL
"551",,NULL,NULL,NULL,NULL,NULL,NULL,"Retiro ATO - 21/09/2020","2",NULL,"65","6",NULL,NULL,NULL,NULL,,"0","71","0","0000-00-00",NULL
"552",,NULL,NULL,NULL,NULL,NULL,NULL,"Retiro ATO - Enea 4 22/09/2020.","2",NULL,"65","6",NULL,NULL,NULL,NULL,,"0","71","0","0000-00-00",NULL
"553",,NULL,NULL,NULL,NULL,NULL,NULL,"Retiro ATO - Enea  4 23/09/2020.","2",NULL,"65","6",NULL,NULL,NULL,NULL,,"0","71","0","0000-00-00",NULL
"554",,NULL,NULL,NULL,NULL,NULL,NULL,"Retiro ATO -Enea 4","2",NULL,"65","6",NULL,NULL,NULL,NULL,,"0","71","0","0000-00-00",NULL
"555",,NULL,NULL,NULL,NULL,NULL,NULL,"Retiro ATO -Enea 4 25/09/2020.","2",NULL,"65","6",NULL,NULL,NULL,NULL,,"0","70","0","0000-00-00",NULL
"556",,NULL,NULL,NULL,NULL,NULL,NULL,"Retiro ATO - Enea 426/09/2020.","2",NULL,"65","6",NULL,NULL,NULL,NULL,,"0","71","0","0000-00-00",NULL
"562",,NULL,NULL,NULL,NULL,NULL,NULL,"Jornada","2",NULL,"65","6",NULL,NULL,NULL,NULL,,"0","71","0","0000-00-00",NULL
"563",,NULL,NULL,NULL,NULL,NULL,NULL,"8/09/2020 camión adicional ","2",NULL,"65","2",NULL,NULL,NULL,NULL,,"0","70","0","0000-00-00",NULL
"564",,NULL,NULL,NULL,NULL,NULL,NULL,"08/09/2020 Segundo camión","2",NULL,"65","6",NULL,NULL,NULL,NULL,,"0","71","0","0000-00-00",NULL
"565",,NULL,NULL,NULL,NULL,NULL,NULL,"08/09/2020","2",NULL,"65","6",NULL,NULL,NULL,NULL,,"0","71","0","0000-00-00",NULL
"566",,NULL,NULL,NULL,NULL,NULL,NULL,"08/09/2020 2do camión","2",NULL,"65","6",NULL,NULL,NULL,NULL,,"0","71","0","0000-00-00",NULL
"567",,NULL,NULL,NULL,NULL,NULL,NULL,"08/09/2020 2do camión","2",NULL,"65","6",NULL,NULL,NULL,NULL,,"0","71","0","0000-00-00",NULL
"568",,NULL,NULL,NULL,NULL,NULL,NULL,"15/09/2020 2do camión","2",NULL,"65","6",NULL,NULL,NULL,NULL,,"0","71","0","0000-00-00",NULL
"569",,NULL,NULL,NULL,NULL,NULL,NULL,"16/09/2020 2do camión","2",NULL,"65","6",NULL,NULL,NULL,NULL,,"0","71","0","0000-00-00",NULL
"570",,NULL,NULL,NULL,NULL,NULL,NULL,"15/09/2020 2da camión","2",NULL,"65","6",NULL,NULL,NULL,NULL,,"0","71","0","0000-00-00",NULL
"571",,NULL,NULL,NULL,NULL,NULL,NULL,"28/09/2020 2do camión ","2",NULL,"65","6",NULL,NULL,NULL,NULL,,"0","71","0","0000-00-00",NULL
"572",,NULL,NULL,NULL,NULL,NULL,NULL,"29/09/2020 2do camión","2",NULL,"65","6",NULL,NULL,NULL,NULL,,"0","71","0","0000-00-00",NULL
"573",,NULL,NULL,NULL,NULL,NULL,NULL,"30/09/2020 2do camión","2",NULL,"65","6",NULL,NULL,NULL,NULL,,"0","71","0","0000-00-00",NULL
"577",,NULL,NULL,NULL,NULL,NULL,NULL,"21-09-2020","2",NULL,"67","6",NULL,NULL,NULL,NULL,,"0","73","0","0000-00-00",NULL
"578",,NULL,NULL,NULL,NULL,NULL,NULL,"22-09-2020","2",NULL,"67","6",NULL,NULL,NULL,NULL,,"0","73","0","0000-00-00",NULL
"579",,NULL,NULL,NULL,NULL,NULL,NULL,"23-09-2020","2",NULL,"67","6",NULL,NULL,NULL,NULL,,"0","73","0","0000-00-00",NULL
"580",,NULL,NULL,NULL,NULL,NULL,NULL,"24-09-2020","2",NULL,"67","6",NULL,NULL,NULL,NULL,,"0","73","0","0000-00-00",NULL
"581",,NULL,NULL,NULL,NULL,NULL,NULL,"28-09-2020","2",NULL,"67","6",NULL,NULL,NULL,NULL,,"0","73","0","0000-00-00",NULL
"582",,NULL,NULL,NULL,NULL,NULL,NULL,"29-09-2020","2",NULL,"67","6",NULL,NULL,NULL,NULL,,"0","73","0","0000-00-00",NULL
"583",,NULL,NULL,NULL,NULL,NULL,NULL,"30-09-2020","2",NULL,"67","6",NULL,NULL,NULL,NULL,,"0","73","0","0000-00-00",NULL
"592",,NULL,NULL,NULL,NULL,NULL,NULL,"26-09-2020","2",NULL,"65","6",NULL,NULL,NULL,NULL,,"0","71","0","0000-00-00",NULL
"594",,NULL,NULL,NULL,NULL,NULL,NULL,"17-09-2020","2",NULL,"71","6",NULL,NULL,NULL,NULL,,"0","70","0","0000-00-00",NULL
"595",,NULL,NULL,NULL,NULL,NULL,NULL,"26-09-2020","2",NULL,"65","6",NULL,NULL,NULL,NULL,,"0","71","0","0000-00-00",NULL
"596",,NULL,NULL,NULL,NULL,NULL,NULL,"26-09-2020","2",NULL,"65","6",NULL,NULL,NULL,NULL,,"0","71","0","0000-00-00",NULL
"597",,NULL,NULL,NULL,NULL,NULL,NULL,"30-09-2020","2",NULL,"65","6",NULL,NULL,NULL,NULL,,"0","71","0","0000-00-00",NULL
"598",,NULL,NULL,NULL,NULL,NULL,NULL,"21-09-2020","2",NULL,"71","6",NULL,NULL,NULL,NULL,,"0","71","0","0000-00-00",NULL
"599",,NULL,NULL,NULL,NULL,NULL,NULL,"26-09-2020","2",NULL,"71","6",NULL,NULL,NULL,NULL,,"0","71","0","0000-00-00",NULL
"600",,NULL,NULL,NULL,NULL,NULL,NULL,"28-09-2020","2",NULL,"71","6",NULL,NULL,NULL,NULL,,"0","71","0","0000-00-00",NULL
"601",,NULL,NULL,NULL,NULL,NULL,NULL,"29-09-2020","2",NULL,"71","6",NULL,NULL,NULL,NULL,,"0","71","0","0000-00-00",NULL
"602",,NULL,NULL,NULL,NULL,NULL,NULL,"30-09-2020","2",NULL,"71","6",NULL,NULL,NULL,NULL,,"0","71","0","0000-00-00",NULL
"603",,NULL,NULL,NULL,NULL,NULL,NULL,"01-10-2020","2",NULL,"66","6",NULL,NULL,NULL,NULL,,"0","71","0","0000-00-00",NULL
"604",,NULL,NULL,NULL,NULL,NULL,NULL,"2-10-2002","2",NULL,"66","6",NULL,NULL,NULL,NULL,,"0","71","0","0000-00-00",NULL
"605",,NULL,NULL,NULL,NULL,NULL,NULL,"01-10-2020","2",NULL,"72","6",NULL,NULL,NULL,NULL,,"0","71","0","0000-00-00",NULL
"606",,NULL,NULL,NULL,NULL,NULL,NULL,"02-10-2020 Turno 1","2",NULL,"72","6",NULL,NULL,NULL,NULL,,"0","71","0","0000-00-00",NULL
"607",,NULL,NULL,NULL,NULL,NULL,NULL,"02-10-2020 Turno 2","2",NULL,"72","6",NULL,NULL,NULL,NULL,,"0","71","0","0000-00-00",NULL
"608",,NULL,NULL,NULL,NULL,NULL,NULL,"03-10-2020","2",NULL,"72","6",NULL,NULL,NULL,NULL,,"0","71","0","0000-00-00",NULL
"609",,NULL,NULL,NULL,NULL,NULL,NULL,"04-10-2020","2",NULL,"72","6",NULL,NULL,NULL,NULL,,"0","71","0","0000-00-00",NULL
"610",,NULL,NULL,NULL,NULL,NULL,NULL,"05-10-2020 Turno 1","2",NULL,"72","6",NULL,NULL,NULL,NULL,,"0","71","0","0000-00-00",NULL
"611",,NULL,NULL,NULL,NULL,NULL,NULL,"05-10-2020 Turno 2","2",NULL,"72","6",NULL,NULL,NULL,NULL,,"0","71","0","0000-00-00",NULL
"612",,NULL,NULL,NULL,NULL,NULL,NULL,"06-10-2020 Turno 1","2",NULL,"72","6",NULL,NULL,NULL,NULL,,"0","71","0","0000-00-00",NULL
"613",,NULL,NULL,NULL,NULL,NULL,NULL,"06-10-2020 Turno 2","2",NULL,"72","6",NULL,NULL,NULL,NULL,,"0","71","0","0000-00-00",NULL
"614",,NULL,NULL,NULL,NULL,NULL,NULL,"07-10-2020 Turno 1","2",NULL,"72","6",NULL,NULL,NULL,NULL,,"0","71","0","0000-00-00",NULL
"615",,NULL,NULL,NULL,NULL,NULL,NULL,"07-10-2020 Turno 2","2",NULL,"72","6",NULL,NULL,NULL,NULL,,"0","71","0","0000-00-00",NULL
"616",,NULL,NULL,NULL,NULL,NULL,NULL,"08-10-2020 Turno 1","2",NULL,"72","6",NULL,NULL,NULL,NULL,,"0","71","0","0000-00-00",NULL
"617",,NULL,NULL,NULL,NULL,NULL,NULL,"08-10-2020 Turno 2","2",NULL,"72","6",NULL,NULL,NULL,NULL,,"0","71","0","0000-00-00",NULL
"618",,NULL,NULL,NULL,NULL,NULL,NULL,"09-10-2020 Turno 1","2",NULL,"72","6",NULL,NULL,NULL,NULL,,"0","71","0","0000-00-00",NULL
"619",,NULL,NULL,NULL,NULL,NULL,NULL,"09-10-2020 Turno 2","2",NULL,"72","6",NULL,NULL,NULL,NULL,,"0","71","0","0000-00-00",NULL
"620",,NULL,NULL,NULL,NULL,NULL,NULL,"10-10-2020","2",NULL,"72","6",NULL,NULL,NULL,NULL,,"0","71","0","0000-00-00",NULL
"621",,NULL,NULL,NULL,NULL,NULL,NULL,"11-10-2020","2",NULL,"72","6",NULL,NULL,NULL,NULL,,"0","71","0","0000-00-00",NULL
"622",,NULL,NULL,NULL,NULL,NULL,NULL,"12-10-2020 Feriado","2",NULL,"72","6",NULL,NULL,NULL,NULL,,"0","71","0","0000-00-00",NULL
"623",,NULL,NULL,NULL,NULL,NULL,NULL,"13-10-2020 Turno 1","2",NULL,"72","6",NULL,NULL,NULL,NULL,,"0","71","0","0000-00-00",NULL
"624",,NULL,NULL,NULL,NULL,NULL,NULL,"13-10-2020 Turno 2","2",NULL,"72","6",NULL,NULL,NULL,NULL,,"0","71","0","0000-00-00",NULL
"625",,NULL,NULL,NULL,NULL,NULL,NULL,"01-10-2020","2",NULL,"73","6",NULL,NULL,NULL,NULL,,"0","73","0","0000-00-00",NULL
"626",,NULL,NULL,NULL,NULL,NULL,NULL,"02-10-2020","2",NULL,"73","6",NULL,NULL,NULL,NULL,,"0","73","0","0000-00-00",NULL
"627",,NULL,NULL,NULL,NULL,NULL,NULL,"05-10-2020","2",NULL,"73","6",NULL,NULL,NULL,NULL,,"0","73","0","0000-00-00",NULL
"628",,NULL,NULL,NULL,NULL,NULL,NULL,"06-10-2020","2",NULL,"73","6",NULL,NULL,NULL,NULL,,"0","73","0","0000-00-00",NULL
"629",,NULL,NULL,NULL,NULL,NULL,NULL,"07-10-2020","2",NULL,"73","6",NULL,NULL,NULL,NULL,,"0","73","0","0000-00-00",NULL
"630",,NULL,NULL,NULL,NULL,NULL,NULL,"08-10-2020","2",NULL,"73","6",NULL,NULL,NULL,NULL,,"0","73","0","0000-00-00",NULL
"631",,NULL,NULL,NULL,NULL,NULL,NULL,"09-10-2020","2",NULL,"73","6",NULL,NULL,NULL,NULL,,"0","73","0","0000-00-00",NULL
"632",,NULL,NULL,NULL,NULL,NULL,NULL,"19-10-2020","2",NULL,"73","6",NULL,NULL,NULL,NULL,,"0","73","0","0000-00-00",NULL
"633",,NULL,NULL,NULL,NULL,NULL,NULL,"13-10-2020","2",NULL,"73","6",NULL,NULL,NULL,NULL,,"0","73","0","0000-00-00",NULL
"634",,NULL,NULL,NULL,NULL,NULL,NULL,"14-10-2020","2",NULL,"73","6",NULL,NULL,NULL,NULL,,"0","73","0","0000-00-00",NULL
"635",,NULL,NULL,NULL,NULL,NULL,NULL,"15-10-2020","2",NULL,"73","6",NULL,NULL,NULL,NULL,,"0","73","0","0000-00-00",NULL
"636",,NULL,NULL,NULL,NULL,NULL,NULL,"16-10-2020","2",NULL,"73","6",NULL,NULL,NULL,NULL,,"0","73","0","0000-00-00",NULL
"637",,NULL,NULL,NULL,NULL,NULL,NULL,"14-10-2020 Turno 1","2",NULL,"72","6",NULL,NULL,NULL,NULL,,"0","71","0","0000-00-00",NULL
"638",,NULL,NULL,NULL,NULL,NULL,NULL,"14-10-2020 Turno 1","2",NULL,"72","6",NULL,NULL,NULL,NULL,,"0","71","0","0000-00-00",NULL
"639",,NULL,NULL,NULL,NULL,NULL,NULL,"11-10-2020 César","2",NULL,"72","6",NULL,NULL,NULL,NULL,,"0","71","0","0000-00-00",NULL
"640",,NULL,NULL,NULL,NULL,NULL,NULL,"15-10-2020 Turno 2","2",NULL,"72","6",NULL,NULL,NULL,NULL,,"0","71","0","0000-00-00",NULL
"641",,NULL,NULL,NULL,NULL,NULL,NULL,"16-10-2020 Turno 1","2",NULL,"72","6",NULL,NULL,NULL,NULL,,"0","71","0","0000-00-00",NULL
"642",,NULL,NULL,NULL,NULL,NULL,NULL,"16-10-2020 Turno 2","2",NULL,"72","6",NULL,NULL,NULL,NULL,,"0","71","0","0000-00-00",NULL
"643",,NULL,NULL,NULL,NULL,NULL,NULL,"17-10-2020 ","2",NULL,"72","6",NULL,NULL,NULL,NULL,,"0","71","0","0000-00-00",NULL
"644",,NULL,NULL,NULL,NULL,NULL,NULL,"18-10-2020","2",NULL,"72","6",NULL,NULL,NULL,NULL,,"0","71","0","0000-00-00",NULL
"645",,NULL,NULL,NULL,NULL,NULL,NULL,"19-10-2020 Turno 1","2",NULL,"72","6",NULL,NULL,NULL,NULL,,"0","71","0","0000-00-00",NULL
"646",,NULL,NULL,NULL,NULL,NULL,NULL,"19-10-2020 Turno 2","2",NULL,"72","6",NULL,NULL,NULL,NULL,,"0","71","0","0000-00-00",NULL
"647",,NULL,NULL,NULL,NULL,NULL,NULL,"20-10-2020 Turno 1","2",NULL,"72","6",NULL,NULL,NULL,NULL,,"0","71","0","0000-00-00",NULL
"648",,NULL,NULL,NULL,NULL,NULL,NULL,"20-10-2020 Turno 2","2",NULL,"72","6",NULL,NULL,NULL,NULL,,"0","71","0","0000-00-00",NULL
"649",,NULL,NULL,NULL,NULL,NULL,NULL,"20-10-2020","2",NULL,"73","6",NULL,NULL,NULL,NULL,,"0","73","0","0000-00-00",NULL
"650",,NULL,NULL,NULL,NULL,NULL,NULL,"21-10-2020","2",NULL,"73","6",NULL,NULL,NULL,NULL,,"0","73","0","0000-00-00",NULL
"651",,NULL,NULL,NULL,NULL,NULL,NULL,"22-10-2020","2",NULL,"73","6",NULL,NULL,NULL,NULL,,"0","73","0","0000-00-00",NULL
"652",,NULL,NULL,NULL,NULL,NULL,NULL,"23-10-2020","2",NULL,"73","6",NULL,NULL,NULL,NULL,,"0","73","0","0000-00-00",NULL
"653",,NULL,NULL,NULL,NULL,NULL,NULL,"21-10-2020 Turno 1","2",NULL,"72","6",NULL,NULL,NULL,NULL,,"0","71","0","0000-00-00",NULL
"654",,NULL,NULL,NULL,NULL,NULL,NULL,"21-10-2020 Turno 2","2",NULL,"72","6",NULL,NULL,NULL,NULL,,"0","71","0","0000-00-00",NULL
"655",,NULL,NULL,NULL,NULL,NULL,NULL,"22-10-2020 Turno 1","2",NULL,"72","6",NULL,NULL,NULL,NULL,,"0","71","0","0000-00-00",NULL
"656",,NULL,NULL,NULL,NULL,NULL,NULL,"22-10-2020 Turno 2","2",NULL,"72","6",NULL,NULL,NULL,NULL,,"0","71","0","0000-00-00",NULL
"657",,NULL,NULL,NULL,NULL,NULL,NULL,"23-10-2020 Turno 1","2",NULL,"72","6",NULL,NULL,NULL,NULL,,"0","71","0","0000-00-00",NULL
"658",,NULL,NULL,NULL,NULL,NULL,NULL,"23-10-2020 Turno 2","2",NULL,"72","6",NULL,NULL,NULL,NULL,,"0","71","0","0000-00-00",NULL
"659",,NULL,NULL,NULL,NULL,NULL,NULL," 23-10-2020 ","2",NULL,"74","6",NULL,NULL,NULL,NULL,,"0","74","0","0000-00-00",NULL
"660",,NULL,NULL,NULL,NULL,NULL,NULL,"24/10-2020 César","2",NULL,"72","6",NULL,NULL,NULL,NULL,,"0","71","0","0000-00-00",NULL
"661",,NULL,NULL,NULL,NULL,NULL,NULL,"25/10/2020 César","2",NULL,"72","6",NULL,NULL,NULL,NULL,,"0","71","0","0000-00-00",NULL
"662",,NULL,NULL,NULL,NULL,NULL,NULL,"26/10/2020 Turno 1","2",NULL,"72","6",NULL,NULL,NULL,NULL,,"0","71","0","0000-00-00",NULL
"663",,NULL,NULL,NULL,NULL,NULL,NULL,"26/10/2020 Turno 2","2",NULL,"72","6",NULL,NULL,NULL,NULL,,"0","71","0","0000-00-00",NULL
"664",,NULL,NULL,NULL,NULL,NULL,NULL,"26-10-2020","2",NULL,"73","6",NULL,NULL,NULL,NULL,,"0","73","0","0000-00-00",NULL
"665","CRT1680/ CRT1681",NULL,NULL,NULL,NULL,NULL,NULL,"17-09-20 F:R18840/R18870R18840CRT: 400.501.680/681","2",NULL,"70","6",NULL,NULL,NULL,NULL,,"0","41","0","0000-00-00",NULL
"666","CRT1676",NULL,NULL,NULL,NULL,NULL,NULL,"11-09-20 F: R18360 CRT: 400.501.676","2",NULL,"69","6",NULL,NULL,NULL,NULL,,"0","41","0","0000-00-00",NULL
"667","CRT1682",NULL,NULL,NULL,NULL,NULL,NULL,"17-09-20 F:R18980 CRT:400.501.682","2",NULL,"69","6",NULL,NULL,NULL,NULL,,"0","41","0","0000-00-00",NULL
"668","CRT1706",NULL,NULL,NULL,NULL,NULL,NULL,"08-10-20 F:R20220 CRT:400.501.706","2",NULL,"75","6",NULL,NULL,NULL,NULL,,"0","41","0","0000-00-00",NULL
"669","CRT1707",NULL,NULL,NULL,NULL,NULL,NULL,"13-10-20F:R20370 CRT:400.501.707","2",NULL,"75","6",NULL,NULL,NULL,NULL,,"0","41","0","0000-00-00",NULL
"670","CRT1710",NULL,NULL,NULL,NULL,NULL,NULL,"15-10-20 F:R21740 CRT:400.501.710","2",NULL,"75","6",NULL,NULL,NULL,NULL,,"0","41","0","0000-00-00",NULL
"671","CRT1716",NULL,NULL,NULL,NULL,NULL,NULL,"19-10-20 F:R21460 CRT: 400.501.716","2",NULL,"75","6",NULL,NULL,NULL,NULL,,"0","41","0","0000-00-00",NULL
"672",,NULL,NULL,NULL,NULL,NULL,NULL,"27-10-2020","2",NULL,"73","6",NULL,NULL,NULL,NULL,,"0","73","0","0000-00-00",NULL
"673","CRT: 1718",NULL,NULL,NULL,NULL,NULL,NULL,"30-10-20 F:R22100 CRT: 400.501.718","2",NULL,"75","6",NULL,NULL,NULL,NULL,,"0","41","0","0000-00-00",NULL
"674","CRT: 1722",NULL,NULL,NULL,NULL,NULL,NULL,"30-10-20 F:R22720 CRT:400.501.722","2",NULL,"75","6",NULL,NULL,NULL,NULL,,"0","41","0","0000-00-00",NULL
"675","CRT: 1723",NULL,NULL,NULL,NULL,NULL,NULL,"30-10-20 F:R22480 CRT:400.501.723","2",NULL,"75","6",NULL,NULL,NULL,NULL,,"0","41","0","0000-00-00",NULL
"676",,NULL,NULL,NULL,NULL,NULL,NULL,"28-10-2020","2",NULL,"73","6",NULL,NULL,NULL,NULL,,"0","73","0","0000-00-00",NULL
"677",,NULL,NULL,NULL,NULL,NULL,NULL,"28-10-2020 Turno 1","2",NULL,"72","6",NULL,NULL,NULL,NULL,,"0","71","0","0000-00-00",NULL
"678",,NULL,NULL,NULL,NULL,NULL,NULL,"28-10-2020 Turno 2","2",NULL,"72","6",NULL,NULL,NULL,NULL,,"0","71","0","0000-00-00",NULL
"679",,NULL,NULL,NULL,NULL,NULL,NULL,"29-10-2020 Turno 1","2",NULL,"72","6",NULL,NULL,NULL,NULL,,"0","71","0","0000-00-00",NULL
"680",,NULL,NULL,NULL,NULL,NULL,NULL,"29-10-2020 Turno 2","2",NULL,"72","6",NULL,NULL,NULL,NULL,,"0","71","0","0000-00-00",NULL
"681",,NULL,NULL,NULL,NULL,NULL,NULL,"30-10-2020 Turno 1","2",NULL,"72","6",NULL,NULL,NULL,NULL,,"0","71","0","0000-00-00",NULL
"682",,NULL,NULL,NULL,NULL,NULL,NULL,"30-10-2020 Turno 2","2",NULL,"72","6",NULL,NULL,NULL,NULL,,"0","71","0","0000-00-00",NULL
"683",,NULL,NULL,NULL,NULL,NULL,NULL,"28/10/2020 ","2",NULL,"66","6",NULL,NULL,NULL,NULL,,"0","71","0","0000-00-00",NULL
"684",,NULL,NULL,NULL,NULL,NULL,NULL,"29/10/2020","2",NULL,"66","6",NULL,NULL,NULL,NULL,,"0","71","0","0000-00-00",NULL
"685",,NULL,NULL,NULL,NULL,NULL,NULL,"30/10/2020","2",NULL,"66","6",NULL,NULL,NULL,NULL,,"0","71","0","0000-00-00",NULL
"687",,NULL,NULL,NULL,NULL,NULL,NULL,"29-10-2020","2",NULL,"73","6",NULL,NULL,NULL,NULL,,"0","73","0","0000-00-00",NULL
"688",,NULL,NULL,NULL,NULL,NULL,NULL,"30-10-2020","2",NULL,"73","6",NULL,NULL,NULL,NULL,,"0","73","0","0000-00-00",NULL
"689",,NULL,NULL,NULL,NULL,NULL,NULL,"30-10-2020","2",NULL,"73","1",NULL,NULL,NULL,NULL,,"0","72","0","0000-00-00",NULL
"690",,NULL,NULL,NULL,NULL,NULL,NULL,"31-10-2020","2",NULL,"72","6",NULL,NULL,NULL,NULL,,"0","71","0","0000-00-00",NULL
"691",,NULL,NULL,NULL,NULL,NULL,NULL,"1-11-2020 Dom","2",NULL,"76","6",NULL,NULL,NULL,NULL,,"0","71","0","0000-00-00",NULL
"692",,NULL,NULL,NULL,NULL,NULL,NULL,"2-11-2020 Turno 1","2",NULL,"76","6",NULL,NULL,NULL,NULL,,"0","71","0","0000-00-00",NULL
"693",,NULL,NULL,NULL,NULL,NULL,NULL,"2-11-2020 Turno 2","2",NULL,"76","6",NULL,NULL,NULL,NULL,,"0","71","0","0000-00-00",NULL
"694",,NULL,NULL,NULL,NULL,NULL,NULL,"3-11-2020 Turno 1","2",NULL,"76","6",NULL,NULL,NULL,NULL,,"0","71","0","0000-00-00",NULL
"695",,NULL,NULL,NULL,NULL,NULL,NULL,"3-11-2020 Turno 2","2",NULL,"76","6",NULL,NULL,NULL,NULL,,"0","71","0","0000-00-00",NULL
"696",,NULL,NULL,NULL,NULL,NULL,NULL,"2-11-2020 Luis Olguín","2",NULL,"77","6",NULL,NULL,NULL,NULL,,"0","71","0","0000-00-00",NULL
"697",,NULL,NULL,NULL,NULL,NULL,NULL,"3-11-2020 Luis Olguín","2",NULL,"77","6",NULL,NULL,NULL,NULL,,"0","71","0","0000-00-00",NULL
"698",,NULL,NULL,NULL,NULL,NULL,NULL,"2-11-2020","2",NULL,"78","6",NULL,NULL,NULL,NULL,,"0","73","0","0000-00-00",NULL
"699",,NULL,NULL,NULL,NULL,NULL,NULL,"3-11-2020","2",NULL,"78","6",NULL,NULL,NULL,NULL,,"0","73","0","0000-00-00",NULL
"700",,NULL,NULL,NULL,NULL,NULL,NULL,"4-11-2020","2",NULL,"78","6",NULL,NULL,NULL,NULL,,"0","73","0","0000-00-00",NULL
"701",,NULL,NULL,NULL,NULL,NULL,NULL,"5-11-2020","2",NULL,"78","6",NULL,NULL,NULL,NULL,,"0","73","0","0000-00-00",NULL
"702",,NULL,NULL,NULL,NULL,NULL,NULL,"6-11-2020","2",NULL,"78","6",NULL,NULL,NULL,NULL,,"0","73","0","0000-00-00",NULL
"703",,NULL,NULL,NULL,NULL,NULL,NULL,"9-11-2020","2",NULL,"78","6",NULL,NULL,NULL,NULL,,"0","73","0","0000-00-00",NULL
"704",,NULL,NULL,NULL,NULL,NULL,NULL,"10-11-2020","2",NULL,"78","6",NULL,NULL,NULL,NULL,,"0","73","0","0000-00-00",NULL
"705",,NULL,NULL,NULL,NULL,NULL,NULL,"11-11-2020","2",NULL,"78","6",NULL,NULL,NULL,NULL,,"0","73","0","0000-00-00",NULL
"706",,NULL,NULL,NULL,NULL,NULL,NULL,"4-11-2020 Turno 1","2",NULL,"76","6",NULL,NULL,NULL,NULL,,"0","71","0","0000-00-00",NULL
"707",,NULL,NULL,NULL,NULL,NULL,NULL,"4-11-2020 Turno 2","2",NULL,"76","6",NULL,NULL,NULL,NULL,,"0","71","0","0000-00-00",NULL
"708",,NULL,NULL,NULL,NULL,NULL,NULL,"5-11-2020 Turno 1","2",NULL,"76","6",NULL,NULL,NULL,NULL,,"0","71","0","0000-00-00",NULL
"709",,NULL,NULL,NULL,NULL,NULL,NULL,"5-11-2020 Turno 2","2",NULL,"76","6",NULL,NULL,NULL,NULL,,"0","71","0","0000-00-00",NULL
"710",,NULL,NULL,NULL,NULL,NULL,NULL,"6-11-2020 Turno 1","2",NULL,"76","6",NULL,NULL,NULL,NULL,,"0","71","0","0000-00-00",NULL
"711",,NULL,NULL,NULL,NULL,NULL,NULL,"6-11-2020 Turno 2","2",NULL,"76","6",NULL,NULL,NULL,NULL,,"0","71","0","0000-00-00",NULL
"712",,NULL,NULL,NULL,NULL,NULL,NULL,"7-11-2020 Sabado","2",NULL,"76","6",NULL,NULL,NULL,NULL,,"0","71","0","0000-00-00",NULL
"713",,NULL,NULL,NULL,NULL,NULL,NULL,"8-11-2020 Domingo","2",NULL,"76","6",NULL,NULL,NULL,NULL,,"0","71","0","0000-00-00",NULL
"714",,NULL,NULL,NULL,NULL,NULL,NULL,"9-11-2020 Turno 1","2",NULL,"76","6",NULL,NULL,NULL,NULL,,"0","71","0","0000-00-00",NULL
"715",,NULL,NULL,NULL,NULL,NULL,NULL,"9-11-2020 Turno 2","2",NULL,"76","6",NULL,NULL,NULL,NULL,,"0","71","0","0000-00-00",NULL
"716",,NULL,NULL,NULL,NULL,NULL,NULL,"10-11-2020 Turno 1","2",NULL,"76","6",NULL,NULL,NULL,NULL,,"0","71","0","0000-00-00",NULL
"717",,NULL,NULL,NULL,NULL,NULL,NULL,"10-11-2020 Turno 2","2",NULL,"76","6",NULL,NULL,NULL,NULL,,"0","71","0","0000-00-00",NULL
"718",,NULL,NULL,NULL,NULL,NULL,NULL,"11-11-2020 Turno 1","2",NULL,"76","6",NULL,NULL,NULL,NULL,,"0","71","0","0000-00-00",NULL
"719",,NULL,NULL,NULL,NULL,NULL,NULL,"11-11-2020 Turno 2","2",NULL,"76","6",NULL,NULL,NULL,NULL,,"0","71","0","0000-00-00",NULL
"720",,NULL,NULL,NULL,NULL,NULL,NULL,"12-11-2020 Turno 1","2",NULL,"76","6",NULL,NULL,NULL,NULL,,"0","71","0","0000-00-00",NULL
"721",,NULL,NULL,NULL,NULL,NULL,NULL,"11-11-2020 Turno 2","2",NULL,"76","6",NULL,NULL,NULL,NULL,,"0","71","0","0000-00-00",NULL
"722",,NULL,NULL,NULL,NULL,NULL,NULL,"11-11-2020 Turno 2","2",NULL,"76","6",NULL,NULL,NULL,NULL,,"0","71","0","0000-00-00",NULL
"723",,NULL,NULL,NULL,NULL,NULL,NULL,"11-11-2020 Turno 2","2",NULL,"76","6",NULL,NULL,NULL,NULL,,"0","71","0","0000-00-00",NULL
"724",,NULL,NULL,NULL,NULL,NULL,NULL,"11-11-2020 Turno 2","2",NULL,"76","6",NULL,NULL,NULL,NULL,,"0","71","0","0000-00-00",NULL
"725",,NULL,NULL,NULL,NULL,NULL,NULL,"4/11/2020 Luis Olguín ","2",NULL,"77","6",NULL,NULL,NULL,NULL,,"0","71","0","0000-00-00",NULL
"726",,NULL,NULL,NULL,NULL,NULL,NULL,"5/11/2020 Luis Olguín ","2",NULL,"77","6",NULL,NULL,NULL,NULL,,"0","71","0","0000-00-00",NULL
"727",,NULL,NULL,NULL,NULL,NULL,NULL,"6/11/2020 Luis Olguín ","2",NULL,"77","6",NULL,NULL,NULL,NULL,,"0","71","0","0000-00-00",NULL
"728",,NULL,NULL,NULL,NULL,NULL,NULL,"7/11/2020 Luis Olguín ","2",NULL,"77","6",NULL,NULL,NULL,NULL,,"0","71","0","0000-00-00",NULL
"729",,NULL,NULL,NULL,NULL,NULL,NULL,"9/11/2020 Luis Olguín ","2",NULL,"77","6",NULL,NULL,NULL,NULL,,"0","71","0","0000-00-00",NULL
"730",,NULL,NULL,NULL,NULL,NULL,NULL,"10/11/2020 Luis Olguín ","2",NULL,"77","6",NULL,NULL,NULL,NULL,,"0","71","0","0000-00-00",NULL
"731",,NULL,NULL,NULL,NULL,NULL,NULL,"11/11/2020 Luis Olguín ","2",NULL,"77","6",NULL,NULL,NULL,NULL,,"0","71","0","0000-00-00",NULL
"732",,NULL,NULL,NULL,NULL,NULL,NULL,"12/11/2020 Luis Olguín ","2",NULL,"77","6",NULL,NULL,NULL,NULL,,"0","71","0","0000-00-00",NULL
"733",,NULL,NULL,NULL,NULL,NULL,NULL,"12-11-2020","2",NULL,"78","6",NULL,NULL,NULL,NULL,,"0","73","0","0000-00-00",NULL
"734",,NULL,NULL,NULL,NULL,NULL,NULL,"13-11-2020","2",NULL,"78","6",NULL,NULL,NULL,NULL,,"0","73","0","0000-00-00",NULL
"735",,NULL,NULL,NULL,NULL,NULL,NULL,"16-11-2020","2",NULL,"78","6",NULL,NULL,NULL,NULL,,"0","73","0","0000-00-00",NULL
"736",,NULL,NULL,NULL,NULL,NULL,NULL,"17-11-2020","2",NULL,"78","6",NULL,NULL,NULL,NULL,,"0","73","0","0000-00-00",NULL
"737",,NULL,NULL,NULL,NULL,NULL,NULL,"18-11-2020","2",NULL,"78","6",NULL,NULL,NULL,NULL,,"0","73","0","0000-00-00",NULL
"738",,NULL,NULL,NULL,NULL,NULL,NULL,"19-11-2020","2",NULL,"78","6",NULL,NULL,NULL,NULL,,"0","73","0","0000-00-00",NULL
"739",,NULL,NULL,NULL,NULL,NULL,NULL,"20-11-2020","2",NULL,"78","6",NULL,NULL,NULL,NULL,,"0","73","0","0000-00-00",NULL
"740",,NULL,NULL,NULL,NULL,NULL,NULL,"23-11-2020","2",NULL,"78","6",NULL,NULL,NULL,NULL,,"0","73","0","0000-00-00",NULL
"741",,NULL,NULL,NULL,NULL,NULL,NULL,"15-11-2020","2",NULL,"76","6",NULL,NULL,NULL,NULL,,"0","71","0","0000-00-00",NULL
"742",,NULL,NULL,NULL,NULL,NULL,NULL,"16-11-2020","2",NULL,"76","6",NULL,NULL,NULL,NULL,,"0","71","0","0000-00-00",NULL
"743",,NULL,NULL,NULL,NULL,NULL,NULL,"16-11-2020 turno 2","2",NULL,"76","6",NULL,NULL,NULL,NULL,,"0","71","0","0000-00-00",NULL
"744",,NULL,NULL,NULL,NULL,NULL,NULL,"17-11-2020 Turno 1","2",NULL,"76","6",NULL,NULL,NULL,NULL,,"0","71","0","0000-00-00",NULL
"745",,NULL,NULL,NULL,NULL,NULL,NULL,"17-11-2020 Turno 2","2",NULL,"76","6",NULL,NULL,NULL,NULL,,"0","71","0","0000-00-00",NULL
"746",,NULL,NULL,NULL,NULL,NULL,NULL,"18-11-2020 Turno 1","2",NULL,"76","6",NULL,NULL,NULL,NULL,,"0","71","0","0000-00-00",NULL
"747",,NULL,NULL,NULL,NULL,NULL,NULL,"18-11-2020 Turno 2","2",NULL,"76","6",NULL,NULL,NULL,NULL,,"0","71","0","0000-00-00",NULL
"748",,NULL,NULL,NULL,NULL,NULL,NULL,"19-11-2020 Turno 1","2",NULL,"76","6",NULL,NULL,NULL,NULL,,"0","71","0","0000-00-00",NULL
"749",,NULL,NULL,NULL,NULL,NULL,NULL,"19-11-2020 Turno 2","2",NULL,"76","6",NULL,NULL,NULL,NULL,,"0","71","0","0000-00-00",NULL
"750",,NULL,NULL,NULL,NULL,NULL,NULL,"20-11-2020 Turno 1","2",NULL,"76","6",NULL,NULL,NULL,NULL,,"0","71","0","0000-00-00",NULL
"751",,NULL,NULL,NULL,NULL,NULL,NULL,"20-11-2020 Turno 2","2",NULL,"76","6",NULL,NULL,NULL,NULL,,"0","71","0","0000-00-00",NULL
"752",,NULL,NULL,NULL,NULL,NULL,NULL,"21-11-2020 Sab","2",NULL,"76","6",NULL,NULL,NULL,NULL,,"0","71","0","0000-00-00",NULL
"753",,NULL,NULL,NULL,NULL,NULL,NULL,"22-11-2020 Dom","2",NULL,"76","6",NULL,NULL,NULL,NULL,,"0","71","0","0000-00-00",NULL
"754",,NULL,NULL,NULL,NULL,NULL,NULL,"23-11-2020 Turno 1","2",NULL,"76","6",NULL,NULL,NULL,NULL,,"0","71","0","0000-00-00",NULL
"755",,NULL,NULL,NULL,NULL,NULL,NULL,"23-11-2020 Turno 2","2",NULL,"76","6",NULL,NULL,NULL,NULL,,"0","71","0","0000-00-00",NULL
"756",,NULL,NULL,NULL,NULL,NULL,NULL,"24-11-2020 Turno 1","2",NULL,"76","6",NULL,NULL,NULL,NULL,,"0","71","0","0000-00-00",NULL
"757",,NULL,NULL,NULL,NULL,NULL,NULL,"24-11-2020 Turno 2","2",NULL,"76","6",NULL,NULL,NULL,NULL,,"0","71","0","0000-00-00",NULL
"758",,NULL,NULL,NULL,NULL,NULL,NULL,"25-11-2020 Turno 1","2",NULL,"76","6",NULL,NULL,NULL,NULL,,"0","71","0","0000-00-00",NULL
"759",,NULL,NULL,NULL,NULL,NULL,NULL,"25-11-2020 Turno 2","2",NULL,"76","6",NULL,NULL,NULL,NULL,,"0","71","0","0000-00-00",NULL
"760",,NULL,NULL,NULL,NULL,NULL,NULL,"26-11-2020 Turno 1","2",NULL,"76","6",NULL,NULL,NULL,NULL,,"0","71","0","0000-00-00",NULL
"761",,NULL,NULL,NULL,NULL,NULL,NULL,"26-11-2020 Turno 2","2",NULL,"76","6",NULL,NULL,NULL,NULL,,"0","71","0","0000-00-00",NULL
"762",,NULL,NULL,NULL,NULL,NULL,NULL,"27-11-2020 Turno 1","2",NULL,"76","6",NULL,NULL,NULL,NULL,,"0","71","0","0000-00-00",NULL
"763",,NULL,NULL,NULL,NULL,NULL,NULL,"27-11-2020 Turno 2","2",NULL,"76","6",NULL,NULL,NULL,NULL,,"0","71","0","0000-00-00",NULL
"764",,NULL,NULL,NULL,NULL,NULL,NULL,"28-11-2020 Sáb","2",NULL,"76","6",NULL,NULL,NULL,NULL,,"0","71","0","0000-00-00",NULL
"765",,NULL,NULL,NULL,NULL,NULL,NULL,"29-11-2020 Dom","2",NULL,"76","6",NULL,NULL,NULL,NULL,,"0","71","0","0000-00-00",NULL
"766",,NULL,NULL,NULL,NULL,NULL,NULL,"30-11-2020 Turno 1","2",NULL,"76","6",NULL,NULL,NULL,NULL,,"0","71","0","0000-00-00",NULL
"767",,NULL,NULL,NULL,NULL,NULL,NULL,"30-11-2020 Turno 2","2",NULL,"76","6",NULL,NULL,NULL,NULL,,"0","71","0","0000-00-00",NULL
"768",,NULL,NULL,NULL,NULL,NULL,NULL,"13-11-2020","2",NULL,"77","6",NULL,NULL,NULL,NULL,,"0","71","0","0000-00-00",NULL
"769",,NULL,NULL,NULL,NULL,NULL,NULL,"14-11-2020","2",NULL,"77","6",NULL,NULL,NULL,NULL,,"0","71","0","0000-00-00",NULL
"770",,NULL,NULL,NULL,NULL,NULL,NULL,"16-11-2020","2",NULL,"77","6",NULL,NULL,NULL,NULL,,"0","71","0","0000-00-00",NULL
"771",,NULL,NULL,NULL,NULL,NULL,NULL,"17-11-2020","2",NULL,"77","6",NULL,NULL,NULL,NULL,,"0","71","0","0000-00-00",NULL
"772",,NULL,NULL,NULL,NULL,NULL,NULL,"18-11-2020","2",NULL,"77","6",NULL,NULL,NULL,NULL,,"0","71","0","0000-00-00",NULL
"773",,NULL,NULL,NULL,NULL,NULL,NULL,"19-11-2020","2",NULL,"77","6",NULL,NULL,NULL,NULL,,"0","71","0","0000-00-00",NULL
"774",,NULL,NULL,NULL,NULL,NULL,NULL,"20-11-2020","2",NULL,"77","6",NULL,NULL,NULL,NULL,,"0","71","0","0000-00-00",NULL
"775",,NULL,NULL,NULL,NULL,NULL,NULL,"21-11-2020","2",NULL,"77","6",NULL,NULL,NULL,NULL,,"0","71","0","0000-00-00",NULL
"776",,NULL,NULL,NULL,NULL,NULL,NULL,"23-11-2020","2",NULL,"77","6",NULL,NULL,NULL,NULL,,"0","71","0","0000-00-00",NULL
"777",,NULL,NULL,NULL,NULL,NULL,NULL,"24-11-2020","2",NULL,"77","6",NULL,NULL,NULL,NULL,,"0","71","0","0000-00-00",NULL
"778",,NULL,NULL,NULL,NULL,NULL,NULL,"25-11-2020","2",NULL,"77","6",NULL,NULL,NULL,NULL,,"0","71","0","0000-00-00",NULL
"779",,NULL,NULL,NULL,NULL,NULL,NULL,"26-11-2020","2",NULL,"77","6",NULL,NULL,NULL,NULL,,"0","71","0","0000-00-00",NULL
"780",,NULL,NULL,NULL,NULL,NULL,NULL,"27-11-2020","2",NULL,"77","6",NULL,NULL,NULL,NULL,,"0","71","0","0000-00-00",NULL
"781",,NULL,NULL,NULL,NULL,NULL,NULL,"28-11-2020","2",NULL,"77","6",NULL,NULL,NULL,NULL,,"0","71","0","0000-00-00",NULL
"782",,NULL,NULL,NULL,NULL,NULL,NULL,"30-11-2020","2",NULL,"77","6",NULL,NULL,NULL,NULL,,"0","71","0","0000-00-00",NULL
"783","CRT1731",NULL,NULL,NULL,NULL,NULL,NULL,"18-11-2020 F:R23140 CRT:400.501.731","2",NULL,"79","6",NULL,NULL,NULL,NULL,,"0","41","0","0000-00-00",NULL
"784","CRT1739",NULL,NULL,NULL,NULL,NULL,NULL,"18-11-2020 F:R24220 CRT:400.501.739 IMO","2",NULL,"79","6",NULL,NULL,NULL,NULL,,"0","65","0","0000-00-00",NULL
"785","CRT1738",NULL,NULL,NULL,NULL,NULL,NULL,"18-11-2020 F: R24390 CRT: 400.501.738","2",NULL,"79","6",NULL,NULL,NULL,NULL,,"0","41","0","0000-00-00",NULL
"786","CRT1740",NULL,NULL,NULL,NULL,NULL,NULL,"18-11-2020 F:R24400 CRT: 400.501.740 IMO","2",NULL,"79","6",NULL,NULL,NULL,NULL,,"0","65","0","0000-00-00",NULL
"787",,NULL,NULL,NULL,NULL,NULL,NULL,"24-11-2020","2",NULL,"78","6",NULL,NULL,NULL,NULL,,"0","73","0","0000-00-00",NULL
"788",,NULL,NULL,NULL,NULL,NULL,NULL,"25-11-2020","2",NULL,"78","6",NULL,NULL,NULL,NULL,,"0","73","0","0000-00-00",NULL
"789",,NULL,NULL,NULL,NULL,NULL,NULL,"26-11-2020","2",NULL,"78","6",NULL,NULL,NULL,NULL,,"0","73","0","0000-00-00",NULL
"790",,NULL,NULL,NULL,NULL,NULL,NULL,"27-11-2020","2",NULL,"78","6",NULL,NULL,NULL,NULL,,"0","73","0","0000-00-00",NULL
"791",,NULL,NULL,NULL,NULL,NULL,NULL,"30-11-2020","2",NULL,"78","6",NULL,NULL,NULL,NULL,,"0","73","0","0000-00-00",NULL
"792",,NULL,NULL,NULL,NULL,NULL,NULL,"01-12-2020 Turno 1","2",NULL,"80","6",NULL,NULL,NULL,NULL,,"0","71","0","0000-00-00",NULL
"793",,NULL,NULL,NULL,NULL,NULL,NULL,"01-12-2020 Turno 2","2",NULL,"80","6",NULL,NULL,NULL,NULL,,"0","71","0","0000-00-00",NULL
"794",,NULL,NULL,NULL,NULL,NULL,NULL,"02-12-2020 Turno 1","2",NULL,"80","6",NULL,NULL,NULL,NULL,,"0","71","0","0000-00-00",NULL
"795",,NULL,NULL,NULL,NULL,NULL,NULL,"02-12-2020 Turno 2","2",NULL,"80","6",NULL,NULL,NULL,NULL,,"0","71","0","0000-00-00",NULL
"796",,NULL,NULL,NULL,NULL,NULL,NULL,"03-12-2020 Turno 1","2",NULL,"80","6",NULL,NULL,NULL,NULL,,"0","71","0","0000-00-00",NULL
"797",,NULL,NULL,NULL,NULL,NULL,NULL,"03-12-2020 Turno 2","2",NULL,"80","6",NULL,NULL,NULL,NULL,,"0","71","0","0000-00-00",NULL
"798",,NULL,NULL,NULL,NULL,NULL,NULL,"04-12-2020 Turno 1","2",NULL,"80","6",NULL,NULL,NULL,NULL,,"0","71","0","0000-00-00",NULL
"799",,NULL,NULL,NULL,NULL,NULL,NULL,"04-12-2020 Turno 2","2",NULL,"80","6",NULL,NULL,NULL,NULL,,"0","71","0","0000-00-00",NULL
"800",,NULL,NULL,NULL,NULL,NULL,NULL,"05-12-2020 Sab","2",NULL,"80","6",NULL,NULL,NULL,NULL,,"0","71","0","0000-00-00",NULL
"801",,NULL,NULL,NULL,NULL,NULL,NULL,"06-12-2020 Dom","2",NULL,"80","6",NULL,NULL,NULL,NULL,,"0","71","0","0000-00-00",NULL
"802",,NULL,NULL,NULL,NULL,NULL,NULL,"07-12-2020 Turno 1","2",NULL,"80","6",NULL,NULL,NULL,NULL,,"0","71","0","0000-00-00",NULL
"803",,NULL,NULL,NULL,NULL,NULL,NULL,"07-12-2020 Turno 2","2",NULL,"80","6",NULL,NULL,NULL,NULL,,"0","71","0","0000-00-00",NULL
"804",,NULL,NULL,NULL,NULL,NULL,NULL,"08-12-2020 Turno 1","2",NULL,"80","6",NULL,NULL,NULL,NULL,,"0","71","0","0000-00-00",NULL
"805",,NULL,NULL,NULL,NULL,NULL,NULL,"Esta ruta no se realizó. Era feriado.","2",NULL,"80","6",NULL,NULL,NULL,NULL,,"0","70","0","0000-00-00",NULL
"806",,NULL,NULL,NULL,NULL,NULL,NULL,"09-12-2020 Turno 1","2",NULL,"80","6",NULL,NULL,NULL,NULL,,"0","71","0","0000-00-00",NULL
"807",,NULL,NULL,NULL,NULL,NULL,NULL,"09-12-2020 Turno 2","2",NULL,"80","6",NULL,NULL,NULL,NULL,,"0","71","0","0000-00-00",NULL
"808",,NULL,NULL,NULL,NULL,NULL,NULL,"10-12-2020 Turno 1","2",NULL,"80","6",NULL,NULL,NULL,NULL,,"0","71","0","0000-00-00",NULL
"809",,NULL,NULL,NULL,NULL,NULL,NULL,"10-12-2020 Turno 2","2",NULL,"80","6",NULL,NULL,NULL,NULL,,"0","71","0","0000-00-00",NULL
"810",,NULL,NULL,NULL,NULL,NULL,NULL,"11-12-2020 Turno 1","2",NULL,"80","6",NULL,NULL,NULL,NULL,,"0","71","0","0000-00-00",NULL
"811",,NULL,NULL,NULL,NULL,NULL,NULL,"11-12-2020 Turno 2","2",NULL,"80","6",NULL,NULL,NULL,NULL,,"0","71","0","0000-00-00",NULL
"812",,NULL,NULL,NULL,NULL,NULL,NULL,"11-12-2020 Turno 2","2",NULL,"80","6",NULL,NULL,NULL,NULL,,"0","71","0","0000-00-00",NULL
"813","CRT1734",NULL,NULL,NULL,NULL,NULL,NULL,"19-11-2020 F:R23800 CRT: 400.501.734","2",NULL,"79","6",NULL,NULL,NULL,NULL,,"0","41","0","0000-00-00",NULL
"814","CRT1758",NULL,NULL,NULL,NULL,NULL,NULL,"09-12-2020 F:R25700 CRT:400.501.758","2",NULL,"81","6",NULL,NULL,NULL,NULL,,"0","41","0","0000-00-00",NULL
"815","CRT1759",NULL,NULL,NULL,NULL,NULL,NULL,"10-12-2020 F:R25570CRT:400.501.759","2",NULL,"81","6",NULL,NULL,NULL,NULL,,"0","41","0","0000-00-00",NULL
"816",,NULL,NULL,NULL,NULL,NULL,NULL,"01-12-2020","2",NULL,"82","6",NULL,NULL,NULL,NULL,,"0","73","0","0000-00-00",NULL
"817",,NULL,NULL,NULL,NULL,NULL,NULL,"02-12-2020","2",NULL,"82","6",NULL,NULL,NULL,NULL,,"0","73","0","0000-00-00",NULL
"818",,NULL,NULL,NULL,NULL,NULL,NULL,"03-12-2020","2",NULL,"82","6",NULL,NULL,NULL,NULL,,"0","73","0","0000-00-00",NULL
"819",,NULL,NULL,NULL,NULL,NULL,NULL,"04-12-2020","2",NULL,"82","6",NULL,NULL,NULL,NULL,,"0","73","0","0000-00-00",NULL
"820",,NULL,NULL,NULL,NULL,NULL,NULL,"07-12-2020","2",NULL,"82","6",NULL,NULL,NULL,NULL,,"0","73","0","0000-00-00",NULL
"821",,NULL,NULL,NULL,NULL,NULL,NULL,"09-12-2020","2",NULL,"82","6",NULL,NULL,NULL,NULL,,"0","73","0","0000-00-00",NULL
"822",,NULL,NULL,NULL,NULL,NULL,NULL,"10-12-2020","2",NULL,"82","6",NULL,NULL,NULL,NULL,,"0","73","0","0000-00-00",NULL
"823",,NULL,NULL,NULL,NULL,NULL,NULL,"11-12-2020","2",NULL,"82","6",NULL,NULL,NULL,NULL,,"0","73","0","0000-00-00",NULL
"824",,NULL,NULL,NULL,NULL,NULL,NULL,"14-12-2020","2",NULL,"82","6",NULL,NULL,NULL,NULL,,"0","73","0","0000-00-00",NULL
"825",,NULL,NULL,NULL,NULL,NULL,NULL,"15-12-2020","2",NULL,"82","6",NULL,NULL,NULL,NULL,,"0","73","0","0000-00-00",NULL
"826",,NULL,NULL,NULL,NULL,NULL,NULL,"16-12-2020","2",NULL,"82","6",NULL,NULL,NULL,NULL,,"0","73","0","0000-00-00",NULL
"827",,NULL,NULL,NULL,NULL,NULL,NULL,"17-12-2020","2",NULL,"82","6",NULL,NULL,NULL,NULL,,"0","73","0","0000-00-00",NULL
"828",,NULL,NULL,NULL,NULL,NULL,NULL,"18-12-2020","2",NULL,"82","6",NULL,NULL,NULL,NULL,,"0","73","0","0000-00-00",NULL
"829",,NULL,NULL,NULL,NULL,NULL,NULL,"21-12-2020","2",NULL,"82","6",NULL,NULL,NULL,NULL,,"0","73","0","0000-00-00",NULL
"830",,NULL,NULL,NULL,NULL,NULL,NULL,"22-12-2020","2",NULL,"82","6",NULL,NULL,NULL,NULL,,"0","73","0","0000-00-00",NULL
"831",,NULL,NULL,NULL,NULL,NULL,NULL,"23-12-2020","2",NULL,"82","6",NULL,NULL,NULL,NULL,,"0","73","0","0000-00-00",NULL
"832",,NULL,NULL,NULL,NULL,NULL,NULL,"24-12-2020","2",NULL,"82","6",NULL,NULL,NULL,NULL,,"0","73","0","0000-00-00",NULL
"833",,NULL,NULL,NULL,NULL,NULL,NULL,"30-12-2020","2",NULL,"82","6",NULL,NULL,NULL,NULL,,"0","73","0","0000-00-00",NULL
"834",,NULL,NULL,NULL,NULL,NULL,NULL,"31-12-2020","2",NULL,"82","6",NULL,NULL,NULL,NULL,,"0","73","0","0000-00-00",NULL
"835",,NULL,NULL,NULL,NULL,NULL,NULL,"12-12-2020 Sáb Rodrigo","2",NULL,"80","6",NULL,NULL,NULL,NULL,,"0","71","0","0000-00-00",NULL
"836",,NULL,NULL,NULL,NULL,NULL,NULL,"14/12/2020 Turno 1","2",NULL,"80","6",NULL,NULL,NULL,NULL,,"0","71","0","0000-00-00",NULL
"837",,NULL,NULL,NULL,NULL,NULL,NULL,"14/12/2020 Turno 2","2",NULL,"80","6",NULL,NULL,NULL,NULL,,"0","71","0","0000-00-00",NULL
"838",,NULL,NULL,NULL,NULL,NULL,NULL,"15/12/2020 Turno 1","2",NULL,"80","6",NULL,NULL,NULL,NULL,,"0","71","0","0000-00-00",NULL
"839",,NULL,NULL,NULL,NULL,NULL,NULL,"15/12/2020 Turno 2","2",NULL,"80","6",NULL,NULL,NULL,NULL,,"0","71","0","0000-00-00",NULL
"840",,NULL,NULL,NULL,NULL,NULL,NULL,"16/12/2020 Turno 1","2",NULL,"80","6",NULL,NULL,NULL,NULL,,"0","71","0","0000-00-00",NULL
"841",,NULL,NULL,NULL,NULL,NULL,NULL,"16/12/2020 Turno 2","2",NULL,"80","6",NULL,NULL,NULL,NULL,,"0","71","0","0000-00-00",NULL
"842",,NULL,NULL,NULL,NULL,NULL,NULL,"17/12/2020 Turno 1","2",NULL,"80","6",NULL,NULL,NULL,NULL,,"0","71","0","0000-00-00",NULL
"843",,NULL,NULL,NULL,NULL,NULL,NULL,"17/12/2020 Turno 2","2",NULL,"80","6",NULL,NULL,NULL,NULL,,"0","71","0","0000-00-00",NULL
"844",,NULL,NULL,NULL,NULL,NULL,NULL,"18-12-2020 Turno 1","2",NULL,"80","6",NULL,NULL,NULL,NULL,,"0","71","0","0000-00-00",NULL
"845",,NULL,NULL,NULL,NULL,NULL,NULL,"18-12-2020 Turno 2","2",NULL,"80","6",NULL,NULL,NULL,NULL,,"0","71","0","0000-00-00",NULL
"846",,NULL,NULL,NULL,NULL,NULL,NULL,"19-12-2020 Sab Rodrigo","2",NULL,"80","6",NULL,NULL,NULL,NULL,,"0","71","0","0000-00-00",NULL
"847",,NULL,NULL,NULL,NULL,NULL,NULL,"20-12-2020 Dom Rodrigo","2",NULL,"80","6",NULL,NULL,NULL,NULL,,"0","71","0","0000-00-00",NULL
"848",,NULL,NULL,NULL,NULL,NULL,NULL,"1-12-2020 Luis Olguín","2",NULL,"84","6",NULL,NULL,NULL,NULL,,"0","71","0","0000-00-00",NULL
"849",,NULL,NULL,NULL,NULL,NULL,NULL,"2-12-2020 Luis Olguín","2",NULL,"84","6",NULL,NULL,NULL,NULL,,"0","71","0","0000-00-00",NULL
"850",,NULL,NULL,NULL,NULL,NULL,NULL,"3-12-2020 Luis Olguín","2",NULL,"84","6",NULL,NULL,NULL,NULL,,"0","71","0","0000-00-00",NULL
"851",,NULL,NULL,NULL,NULL,NULL,NULL,"4-12-2020 Luis Olguín","2",NULL,"84","6",NULL,NULL,NULL,NULL,,"0","71","0","0000-00-00",NULL
"852",,NULL,NULL,NULL,NULL,NULL,NULL,"5-12-2020 Luis Olguín","2",NULL,"84","6",NULL,NULL,NULL,NULL,,"0","71","0","0000-00-00",NULL
"853",,NULL,NULL,NULL,NULL,NULL,NULL,"7-12-2020 Luis Olguín","2",NULL,"84","6",NULL,NULL,NULL,NULL,,"0","71","0","0000-00-00",NULL
"854",,NULL,NULL,NULL,NULL,NULL,NULL,"9-12-2020 Luis Olguín","2",NULL,"84","6",NULL,NULL,NULL,NULL,,"0","71","0","0000-00-00",NULL
"855",,NULL,NULL,NULL,NULL,NULL,NULL,"10-12-2020 Luis Olguín","2",NULL,"84","6",NULL,NULL,NULL,NULL,,"0","71","0","0000-00-00",NULL
"856",,NULL,NULL,NULL,NULL,NULL,NULL,"11-12-2020 Luis Olguín","2",NULL,"84","6",NULL,NULL,NULL,NULL,,"0","71","0","0000-00-00",NULL
"857",,NULL,NULL,NULL,NULL,NULL,NULL,"12-12-2020 Luis Olguín","2",NULL,"84","6",NULL,NULL,NULL,NULL,,"0","71","0","0000-00-00",NULL
"858",,NULL,NULL,NULL,NULL,NULL,NULL,"14-12-2020 Luis Olguín","2",NULL,"84","6",NULL,NULL,NULL,NULL,,"0","71","0","0000-00-00",NULL
"859",,NULL,NULL,NULL,NULL,NULL,NULL,"15-12-2020 Luis Olguín","2",NULL,"84","6",NULL,NULL,NULL,NULL,,"0","71","0","0000-00-00",NULL
"860",,NULL,NULL,NULL,NULL,NULL,NULL,"16-12-2020 Luis Olguín","2",NULL,"84","6",NULL,NULL,NULL,NULL,,"0","71","0","0000-00-00",NULL
"861",,NULL,NULL,NULL,NULL,NULL,NULL,"17-12-2020 Luis Olguín ","2",NULL,"84","6",NULL,NULL,NULL,NULL,,"0","71","0","0000-00-00",NULL
"862",,NULL,NULL,NULL,NULL,NULL,NULL,"18-12-2020 Luis Olguín ","2",NULL,"84","6",NULL,NULL,NULL,NULL,,"0","71","0","0000-00-00",NULL
"863",,NULL,NULL,NULL,NULL,NULL,NULL,"19-12-2020 Luis Olguín","2",NULL,"84","6",NULL,NULL,NULL,NULL,,"0","71","0","0000-00-00",NULL
"864",,NULL,NULL,NULL,NULL,NULL,NULL,"21-12-2020 Luis Olguín","2",NULL,"84","6",NULL,NULL,NULL,NULL,,"0","71","0","0000-00-00",NULL
"865",,NULL,NULL,NULL,NULL,NULL,NULL,"22-12-2020 Luis Olguín","2",NULL,"84","6",NULL,NULL,NULL,NULL,,"0","71","0","0000-00-00",NULL
"866",,NULL,NULL,NULL,NULL,NULL,NULL,"23-12-2020 Luis Olguín","2",NULL,"84","6",NULL,NULL,NULL,NULL,,"0","71","0","0000-00-00",NULL
"867",,NULL,NULL,NULL,NULL,NULL,NULL,"24-12-2020 Luis Olguín","2",NULL,"84","6",NULL,NULL,NULL,NULL,,"0","71","0","0000-00-00",NULL
"868",,NULL,NULL,NULL,NULL,NULL,NULL,"26-12-2020 Luis Olguín","2",NULL,"84","6",NULL,NULL,NULL,NULL,,"0","71","0","0000-00-00",NULL
"869",,NULL,NULL,NULL,NULL,NULL,NULL,"28-12-2020 Luis Olguín","2",NULL,"84","6",NULL,NULL,NULL,NULL,,"0","71","0","0000-00-00",NULL
"870",,NULL,NULL,NULL,NULL,NULL,NULL,"29-12-2020 Luis Olguín","2",NULL,"84","6",NULL,NULL,NULL,NULL,,"0","71","0","0000-00-00",NULL
"871",,NULL,NULL,NULL,NULL,NULL,NULL,"30-12-2020 Luis Olguín","2",NULL,"84","6",NULL,NULL,NULL,NULL,,"0","71","0","0000-00-00",NULL
"872",,NULL,NULL,NULL,NULL,NULL,NULL,"31-12-2020 Luis Olguín","2",NULL,"84","6",NULL,NULL,NULL,NULL,,"0","71","0","0000-00-00",NULL
"873",,NULL,NULL,NULL,NULL,NULL,NULL,"02-01-2021 Luis Olguín","2",NULL,"85","6",NULL,NULL,NULL,NULL,,"0","71","0","0000-00-00",NULL
"874",,NULL,NULL,NULL,NULL,NULL,NULL,"04-01-2021 Luis Olguín","2",NULL,"85","6",NULL,NULL,NULL,NULL,,"0","71","0","0000-00-00",NULL
"875",,NULL,NULL,NULL,NULL,NULL,NULL,"05-01-2021 Luis Olguín","2",NULL,"85","6",NULL,NULL,NULL,NULL,,"0","71","0","0000-00-00",NULL
"876",,NULL,NULL,NULL,NULL,NULL,NULL,"06-01-2021 Luis Olguín","2",NULL,"85","6",NULL,NULL,NULL,NULL,,"0","71","0","0000-00-00",NULL
"877",,NULL,NULL,NULL,NULL,NULL,NULL,"8-01-2021 Luis Olguín","2",NULL,"85","6",NULL,NULL,NULL,NULL,,"0","71","0","0000-00-00",NULL
"878",,NULL,NULL,NULL,NULL,NULL,NULL,"9-01-2021 Luis Olguín","2",NULL,"85","6",NULL,NULL,NULL,NULL,,"0","71","0","0000-00-00",NULL
"879",,NULL,NULL,NULL,NULL,NULL,NULL,"11-01-2021 Conductor 3","2",NULL,"85","6",NULL,NULL,NULL,NULL,,"0","71","0","0000-00-00",NULL
"880",,NULL,NULL,NULL,NULL,NULL,NULL,"12-01-2021 Conductor 3","2",NULL,"85","6",NULL,NULL,NULL,NULL,,"0","71","0","0000-00-00",NULL
"881",,NULL,NULL,NULL,NULL,NULL,NULL,"13-01-2021 Conductor 3","2",NULL,"85","6",NULL,NULL,NULL,NULL,,"0","71","0","0000-00-00",NULL
"882",,NULL,NULL,NULL,NULL,NULL,NULL,"14-01-2021 Conductor 3","2",NULL,"85","6",NULL,NULL,NULL,NULL,,"0","71","0","0000-00-00",NULL
"883",,NULL,NULL,NULL,NULL,NULL,NULL,"15-01-2021 Conductor 3","2",NULL,"85","6",NULL,NULL,NULL,NULL,,"0","71","0","0000-00-00",NULL
"884",,NULL,NULL,NULL,NULL,NULL,NULL,"16-01-2021 Conductor 3","2",NULL,"85","6",NULL,NULL,NULL,NULL,,"0","71","0","0000-00-00",NULL
"885",,NULL,NULL,NULL,NULL,NULL,NULL,"18-01-2021 Conductor 3","2",NULL,"85","6",NULL,NULL,NULL,NULL,,"0","71","0","0000-00-00",NULL
"886",,NULL,NULL,NULL,NULL,NULL,NULL,"19-01-2021 conductor 3","2",NULL,"85","6",NULL,NULL,NULL,NULL,,"0","71","0","0000-00-00",NULL
"887",,NULL,NULL,NULL,NULL,NULL,NULL,"20-01-2021 Conductor 3","2",NULL,"85","6",NULL,NULL,NULL,NULL,,"0","71","0","0000-00-00",NULL
"888",,NULL,NULL,NULL,NULL,NULL,NULL,"21-01-2021 Conductor 3","2",NULL,"85","6",NULL,NULL,NULL,NULL,,"0","71","0","0000-00-00",NULL
"889",,NULL,NULL,NULL,NULL,NULL,NULL,"22-01-2021 Conductor 3","2",NULL,"85","6",NULL,NULL,NULL,NULL,,"0","71","0","0000-00-00",NULL
"890",,NULL,NULL,NULL,NULL,NULL,NULL,"23-01-2021 Conductor 3","2",NULL,"85","6",NULL,NULL,NULL,NULL,,"0","71","0","0000-00-00",NULL
"891",,NULL,NULL,NULL,NULL,NULL,NULL,"25-01-2021 Conductor 3","2",NULL,"85","6",NULL,NULL,NULL,NULL,,"0","71","0","0000-00-00",NULL
"892",,NULL,NULL,NULL,NULL,NULL,NULL,"26-01-2021 Conductor 3","2",NULL,"85","6",NULL,NULL,NULL,NULL,,"0","71","0","0000-00-00",NULL
"893",,NULL,NULL,NULL,NULL,NULL,NULL,"27-01-2021 Conductor 3","2",NULL,"85","6",NULL,NULL,NULL,NULL,,"0","71","0","0000-00-00",NULL
"894",,NULL,NULL,NULL,NULL,NULL,NULL,"04-01-2021 Raúl","2",NULL,"83","6",NULL,NULL,NULL,NULL,,"0","73","0","0000-00-00",NULL
"895",,NULL,NULL,NULL,NULL,NULL,NULL,"05-01-2021 Raúl","2",NULL,"83","6",NULL,NULL,NULL,NULL,,"0","73","0","0000-00-00",NULL
"896",,NULL,NULL,NULL,NULL,NULL,NULL,"06-01-2021 Raúl ","2",NULL,"83","6",NULL,NULL,NULL,NULL,,"0","73","0","0000-00-00",NULL
"897",,NULL,NULL,NULL,NULL,NULL,NULL,"07-01-2021 Raúl","2",NULL,"83","6",NULL,NULL,NULL,NULL,,"0","73","0","0000-00-00",NULL
"898",,NULL,NULL,NULL,NULL,NULL,NULL,"08-01-2021 Raúl","2",NULL,"83","6",NULL,NULL,NULL,NULL,,"0","73","0","0000-00-00",NULL
"899",,NULL,NULL,NULL,NULL,NULL,NULL,"11-01-2021 Raúl","2",NULL,"83","6",NULL,NULL,NULL,NULL,,"0","73","0","0000-00-00",NULL
"900",,NULL,NULL,NULL,NULL,NULL,NULL,"11-01-2021 Luis Olguín","2",NULL,"83","6",NULL,NULL,NULL,NULL,,"0","73","0","0000-00-00",NULL
"901",,NULL,NULL,NULL,NULL,NULL,NULL,"12-01-2021 Raúl ","2",NULL,"83","6",NULL,NULL,NULL,NULL,,"0","73","0","0000-00-00",NULL
"902",,NULL,NULL,NULL,NULL,NULL,NULL,"12-01-2021 Luis","2",NULL,"83","6",NULL,NULL,NULL,NULL,,"0","73","0","0000-00-00",NULL
"903",,NULL,NULL,NULL,NULL,NULL,NULL,"13-01-2021 Raúl","2",NULL,"83","6",NULL,NULL,NULL,NULL,,"0","73","0","0000-00-00",NULL
"904",,NULL,NULL,NULL,NULL,NULL,NULL,"13-01-2021 Luis","2",NULL,"83","6",NULL,NULL,NULL,NULL,,"0","73","0","0000-00-00",NULL
"905",,NULL,NULL,NULL,NULL,NULL,NULL,"14-01-2021 Raúl","2",NULL,"83","6",NULL,NULL,NULL,NULL,,"0","73","0","0000-00-00",NULL
"906",,NULL,NULL,NULL,NULL,NULL,NULL,"14-01-2021 Luis","2",NULL,"83","6",NULL,NULL,NULL,NULL,,"0","73","0","0000-00-00",NULL
"907",,NULL,NULL,NULL,NULL,NULL,NULL,"15-01-2021 Raúl","2",NULL,"83","6",NULL,NULL,NULL,NULL,,"0","73","0","0000-00-00",NULL
"908",,NULL,NULL,NULL,NULL,NULL,NULL,"15-01-2021 Luis","2",NULL,"83","6",NULL,NULL,NULL,NULL,,"0","73","0","0000-00-00",NULL
"909",,NULL,NULL,NULL,NULL,NULL,NULL,"18-01-2021 Raúl","2",NULL,"83","6",NULL,NULL,NULL,NULL,,"0","73","0","0000-00-00",NULL
"910",,NULL,NULL,NULL,NULL,NULL,NULL,"18-01-2021 Luis","2",NULL,"83","6",NULL,NULL,NULL,NULL,,"0","73","0","0000-00-00",NULL
"911",,NULL,NULL,NULL,NULL,NULL,NULL,"19-01-2021 Raúl","2",NULL,"83","6",NULL,NULL,NULL,NULL,,"0","73","0","0000-00-00",NULL
"912",,NULL,NULL,NULL,NULL,NULL,NULL,"19-01-2021 Luis","2",NULL,"83","6",NULL,NULL,NULL,NULL,,"0","73","0","0000-00-00",NULL
"913",,NULL,NULL,NULL,NULL,NULL,NULL,"20-01-2021 Raúl","2",NULL,"83","6",NULL,NULL,NULL,NULL,,"0","73","0","0000-00-00",NULL
"914",,NULL,NULL,NULL,NULL,NULL,NULL,"20-01-2021 Luis","2",NULL,"83","6",NULL,NULL,NULL,NULL,,"0","73","0","0000-00-00",NULL
"915",,NULL,NULL,NULL,NULL,NULL,NULL,"21-01-2021 Raúl","2",NULL,"83","6",NULL,NULL,NULL,NULL,,"0","73","0","0000-00-00",NULL
"916",,NULL,NULL,NULL,NULL,NULL,NULL,"21-01-2021 Luis","2",NULL,"83","6",NULL,NULL,NULL,NULL,,"0","73","0","0000-00-00",NULL
"917",,NULL,NULL,NULL,NULL,NULL,NULL,"22-01-2021 Raúl","2",NULL,"83","6",NULL,NULL,NULL,NULL,,"0","73","0","0000-00-00",NULL
"918",,NULL,NULL,NULL,NULL,NULL,NULL,"22-01-2021 Luis","2",NULL,"83","6",NULL,NULL,NULL,NULL,,"0","73","0","0000-00-00",NULL
"919",,NULL,NULL,NULL,NULL,NULL,NULL,"25-01-2021 Raúl","2",NULL,"83","6",NULL,NULL,NULL,NULL,,"0","73","0","0000-00-00",NULL
"920",,NULL,NULL,NULL,NULL,NULL,NULL,"25-01-2021 Luis","2",NULL,"83","6",NULL,NULL,NULL,NULL,,"0","73","0","0000-00-00",NULL
"921",,NULL,NULL,NULL,NULL,NULL,NULL,"26-01-2021 Raúl","2",NULL,"83","6",NULL,NULL,NULL,NULL,,"0","73","0","0000-00-00",NULL
"922",,NULL,NULL,NULL,NULL,NULL,NULL,"26-01-2021 Luis","2",NULL,"83","6",NULL,NULL,NULL,NULL,,"0","73","0","0000-00-00",NULL
"923",,NULL,NULL,NULL,NULL,NULL,NULL,"27-01-2021 Raúl","2",NULL,"83","6",NULL,NULL,NULL,NULL,,"0","73","0","0000-00-00",NULL
"924",,NULL,NULL,NULL,NULL,NULL,NULL,"27-01-2021 Luis","2",NULL,"83","6",NULL,NULL,NULL,NULL,,"0","73","0","0000-00-00",NULL
"925",,NULL,NULL,NULL,NULL,NULL,NULL,"28-01-2021 Raúl","2",NULL,"83","6",NULL,NULL,NULL,NULL,,"0","73","0","0000-00-00",NULL
"926",,NULL,NULL,NULL,NULL,NULL,NULL,"28-01-2021 Luis","2",NULL,"83","6",NULL,NULL,NULL,NULL,,"0","73","0","0000-00-00",NULL
"927",,NULL,NULL,NULL,NULL,NULL,NULL,"29-01-2021 Raúl","2",NULL,"83","6",NULL,NULL,NULL,NULL,,"0","73","0","0000-00-00",NULL
"928",,NULL,NULL,NULL,NULL,NULL,NULL,"29-01-2021 Luis","2",NULL,"83","6",NULL,NULL,NULL,NULL,,"0","73","0","0000-00-00",NULL
"929",,NULL,NULL,NULL,NULL,NULL,NULL,"28-01-2021 Conductor 3","2",NULL,"85","6",NULL,NULL,NULL,NULL,,"0","71","0","0000-00-00",NULL
"930",,NULL,NULL,NULL,NULL,NULL,NULL,"29-01-2021 Conductor 3","2",NULL,"85","6",NULL,NULL,NULL,NULL,,"0","71","0","0000-00-00",NULL
"931",,NULL,NULL,NULL,NULL,NULL,NULL,"30-01-2021 Conductor 3","2",NULL,"85","6",NULL,NULL,NULL,NULL,,"0","71","0","0000-00-00",NULL
"932",,NULL,NULL,NULL,NULL,NULL,NULL,"02-01-2021 Sáb César Mora","2",NULL,"87","6",NULL,NULL,NULL,NULL,,"0","71","0","0000-00-00",NULL
"933",,NULL,NULL,NULL,NULL,NULL,NULL,"03-01-2021 Dom César","2",NULL,"87","6",NULL,NULL,NULL,NULL,,"0","71","0","0000-00-00",NULL
"934",,NULL,NULL,NULL,NULL,NULL,NULL,"04-01-2021 Rodrigo Lozano","2",NULL,"87","6",NULL,NULL,NULL,NULL,,"0","71","0","0000-00-00",NULL
"935",,NULL,NULL,NULL,NULL,NULL,NULL,"04-01-2021 César Mora","2",NULL,"87","6",NULL,NULL,NULL,NULL,,"0","71","0","0000-00-00",NULL
"936",,NULL,NULL,NULL,NULL,NULL,NULL,"05-01-2021 Rodrigo Lozano","2",NULL,"87","6",NULL,NULL,NULL,NULL,,"0","71","0","0000-00-00",NULL
"937",,NULL,NULL,NULL,NULL,NULL,NULL,"05-01-2021 Cesar Mora","2",NULL,"87","6",NULL,NULL,NULL,NULL,,"0","71","0","0000-00-00",NULL
"938",,NULL,NULL,NULL,NULL,NULL,NULL,"06-01-2021 Rodrigo Lozano","2",NULL,"87","6",NULL,NULL,NULL,NULL,,"0","71","0","0000-00-00",NULL
"939",,NULL,NULL,NULL,NULL,NULL,NULL,"06-01-2021 Cesar Mora","2",NULL,"87","6",NULL,NULL,NULL,NULL,,"0","71","0","0000-00-00",NULL
"940",,NULL,NULL,NULL,NULL,NULL,NULL,"07-01-2021 Rodrigo Lozano","2",NULL,"87","6",NULL,NULL,NULL,NULL,,"0","71","0","0000-00-00",NULL
"941",,NULL,NULL,NULL,NULL,NULL,NULL,"07-01-2021 Cesar Mora","2",NULL,"87","6",NULL,NULL,NULL,NULL,,"0","71","0","0000-00-00",NULL
"942",,NULL,NULL,NULL,NULL,NULL,NULL,"08-01-2021 Rodrigo Lozano","2",NULL,"87","6",NULL,NULL,NULL,NULL,,"0","71","0","0000-00-00",NULL
"943",,NULL,NULL,NULL,NULL,NULL,NULL,"08-01-2021 Cesar Mora","2",NULL,"87","6",NULL,NULL,NULL,NULL,,"0","71","0","0000-00-00",NULL
"944",,NULL,NULL,NULL,NULL,NULL,NULL,"09-01-2021 Sáb Rodrigo","2",NULL,"87","6",NULL,NULL,NULL,NULL,,"0","71","0","0000-00-00",NULL
"945",,NULL,NULL,NULL,NULL,NULL,NULL,"10-01-2021 Dom Rodrigo","2",NULL,"87","6",NULL,NULL,NULL,NULL,,"0","71","0","0000-00-00",NULL
"946",,NULL,NULL,NULL,NULL,NULL,NULL,"11-01-2021 Rodrigo","2",NULL,"87","6",NULL,NULL,NULL,NULL,,"0","71","0","0000-00-00",NULL
"947",,NULL,NULL,NULL,NULL,NULL,NULL,"12-01-2021 César","2",NULL,"87","6",NULL,NULL,NULL,NULL,,"0","71","0","0000-00-00",NULL
"948",,NULL,NULL,NULL,NULL,NULL,NULL,"13-01-2021 Rodrigo","2",NULL,"87","6",NULL,NULL,NULL,NULL,,"0","71","0","0000-00-00",NULL
"949",,NULL,NULL,NULL,NULL,NULL,NULL,"13-01-2021 Cesar","2",NULL,"87","6",NULL,NULL,NULL,NULL,,"0","71","0","0000-00-00",NULL
"950",,NULL,NULL,NULL,NULL,NULL,NULL,"14-01-2021 Rodrigo","2",NULL,"87","6",NULL,NULL,NULL,NULL,,"0","71","0","0000-00-00",NULL
"951",,NULL,NULL,NULL,NULL,NULL,NULL,"14-01-2021 Cesar","2",NULL,"87","6",NULL,NULL,NULL,NULL,,"0","71","0","0000-00-00",NULL
"952",,NULL,NULL,NULL,NULL,NULL,NULL,"15-01-2021 Rodrigo","2",NULL,"87","6",NULL,NULL,NULL,NULL,,"0","71","0","0000-00-00",NULL
"953",,NULL,NULL,NULL,NULL,NULL,NULL,"15-01-2021 Cesar","2",NULL,"87","6",NULL,NULL,NULL,NULL,,"0","71","0","0000-00-00",NULL
"954",,NULL,NULL,NULL,NULL,NULL,NULL,"16-01-2021 Sáb Rodrigo","2",NULL,"87","6",NULL,NULL,NULL,NULL,,"0","71","0","0000-00-00",NULL
"955",,NULL,NULL,NULL,NULL,NULL,NULL,"17-01-2021 Dom César","2",NULL,"87","6",NULL,NULL,NULL,NULL,,"0","71","0","0000-00-00",NULL
"956",,NULL,NULL,NULL,NULL,NULL,NULL,"18-01-2021 Rodrigo","2",NULL,"87","6",NULL,NULL,NULL,NULL,,"0","71","0","0000-00-00",NULL
"957",,NULL,NULL,NULL,NULL,NULL,NULL,"18-01-2021 César","2",NULL,"87","6",NULL,NULL,NULL,NULL,,"0","71","0","0000-00-00",NULL
"958",,NULL,NULL,NULL,NULL,NULL,NULL,"18-01-2021 Rodrigo","2",NULL,"87","6",NULL,NULL,NULL,NULL,,"0","71","0","0000-00-00",NULL
"959",,NULL,NULL,NULL,NULL,NULL,NULL,"18-01-2021 Cesar","2",NULL,"87","6",NULL,NULL,NULL,NULL,,"0","71","0","0000-00-00",NULL
"960",,NULL,NULL,NULL,NULL,NULL,NULL,"19-01-2021 Rodrigo","2",NULL,"87","6",NULL,NULL,NULL,NULL,,"0","71","0","0000-00-00",NULL
"961",,NULL,NULL,NULL,NULL,NULL,NULL,"19-01-2021 César","2",NULL,"87","6",NULL,NULL,NULL,NULL,,"0","71","0","0000-00-00",NULL
"962",,NULL,NULL,NULL,NULL,NULL,NULL,"20-01-2021 Rodrigo","2",NULL,"87","6",NULL,NULL,NULL,NULL,,"0","71","0","0000-00-00",NULL
"963",,NULL,NULL,NULL,NULL,NULL,NULL,"20-01-2021 César","2",NULL,"87","6",NULL,NULL,NULL,NULL,,"0","71","0","0000-00-00",NULL
"964",,NULL,NULL,NULL,NULL,NULL,NULL,"21-01-2021 Rodrigo","2",NULL,"87","6",NULL,NULL,NULL,NULL,,"0","71","0","0000-00-00",NULL
"965",,NULL,NULL,NULL,NULL,NULL,NULL,"21-01-2021 César","2",NULL,"87","6",NULL,NULL,NULL,NULL,,"0","71","0","0000-00-00",NULL
"966",,NULL,NULL,NULL,NULL,NULL,NULL,"22-01-2021 Rodrigo","2",NULL,"87","6",NULL,NULL,NULL,NULL,,"0","71","0","0000-00-00",NULL
"967",,NULL,NULL,NULL,NULL,NULL,NULL,"22-01-2021 César","2",NULL,"87","6",NULL,NULL,NULL,NULL,,"0","71","0","0000-00-00",NULL
"968",,NULL,NULL,NULL,NULL,NULL,NULL,"23-01-2021 Sáb Rodrigo","2",NULL,"87","6",NULL,NULL,NULL,NULL,,"0","71","0","0000-00-00",NULL
"969",,NULL,NULL,NULL,NULL,NULL,NULL,"24-01-2021 Dom Rodrigo","2",NULL,"87","6",NULL,NULL,NULL,NULL,,"0","71","0","0000-00-00",NULL
"970",,NULL,NULL,NULL,NULL,NULL,NULL,"25-01-2021 Rodrigo","2",NULL,"87","6",NULL,NULL,NULL,NULL,,"0","71","0","0000-00-00",NULL
"971",,NULL,NULL,NULL,NULL,NULL,NULL,"25-01-2021 César","2",NULL,"87","6",NULL,NULL,NULL,NULL,,"0","71","0","0000-00-00",NULL
"972",,NULL,NULL,NULL,NULL,NULL,NULL,"26-01-2021 Rodrigo","2",NULL,"87","6",NULL,NULL,NULL,NULL,,"0","71","0","0000-00-00",NULL
"973",,NULL,NULL,NULL,NULL,NULL,NULL,"26-01-2021 César","2",NULL,"87","6",NULL,NULL,NULL,NULL,,"0","71","0","0000-00-00",NULL
"974",,NULL,NULL,NULL,NULL,NULL,NULL,"27-01-2021 Rodrigo","2",NULL,"87","6",NULL,NULL,NULL,NULL,,"0","71","0","0000-00-00",NULL
"975",,NULL,NULL,NULL,NULL,NULL,NULL,"27-01-2021 César","2",NULL,"87","6",NULL,NULL,NULL,NULL,,"0","71","0","0000-00-00",NULL
"976",,NULL,NULL,NULL,NULL,NULL,NULL,"28-01-2021 Rodrigo","2",NULL,"87","6",NULL,NULL,NULL,NULL,,"0","71","0","0000-00-00",NULL
"977",,NULL,NULL,NULL,NULL,NULL,NULL,"28-01-2021 César","2",NULL,"87","6",NULL,NULL,NULL,NULL,,"0","71","0","0000-00-00",NULL
"978",,NULL,NULL,NULL,NULL,NULL,NULL,"29-01-2021 Rodrigo","2",NULL,"87","6",NULL,NULL,NULL,NULL,,"0","71","0","0000-00-00",NULL
"979",,NULL,NULL,NULL,NULL,NULL,NULL,"29-01-2021 César","2",NULL,"87","6",NULL,NULL,NULL,NULL,,"0","71","0","0000-00-00",NULL
"980",,NULL,NULL,NULL,NULL,NULL,NULL,"30-01-2021 Sáb César","2",NULL,"87","6",NULL,NULL,NULL,NULL,,"0","71","0","0000-00-00",NULL
"981",,NULL,NULL,NULL,NULL,NULL,NULL,"31-01-2021 Dom César","2",NULL,"87","6",NULL,NULL,NULL,NULL,,"0","71","0","0000-00-00",NULL
"982",,NULL,NULL,NULL,NULL,NULL,NULL,"16-11-2020 Aurelio","2",NULL,"88","6",NULL,NULL,NULL,NULL,,"0","74","0","0000-00-00",NULL
"983",,NULL,NULL,NULL,NULL,NULL,NULL,"16-11-2020 Aurelio Equipo 2","2",NULL,"88","6",NULL,NULL,NULL,NULL,,"0","74","0","0000-00-00",NULL
"984",,NULL,NULL,NULL,NULL,NULL,NULL,"17-11-2020 Aurelio","2",NULL,"88","6",NULL,NULL,NULL,NULL,,"0","74","0","0000-00-00",NULL
"985",,NULL,NULL,NULL,NULL,NULL,NULL,"17-01-2020 Aurelio Equipo 2","2",NULL,"88","6",NULL,NULL,NULL,NULL,,"0","74","0","0000-00-00",NULL
"986",,NULL,NULL,NULL,NULL,NULL,NULL,"18-01-2020 Aurelio ","2",NULL,"88","6",NULL,NULL,NULL,NULL,,"0","74","0","0000-00-00",NULL
"987",,NULL,NULL,NULL,NULL,NULL,NULL,"18-01-2020 Aurelio Equipo 2","2",NULL,"88","6",NULL,NULL,NULL,NULL,,"0","74","0","0000-00-00",NULL
"988",,NULL,NULL,NULL,NULL,NULL,NULL,"07-12-2020 Luis Olguín","2",NULL,"89","6",NULL,NULL,NULL,NULL,,"0","74","0","0000-00-00",NULL
"989",,NULL,NULL,NULL,NULL,NULL,NULL,"16/12/2020 Cristian Garrido","2",NULL,"89","6",NULL,NULL,NULL,NULL,,"0","74","0","0000-00-00",NULL
"990",,NULL,NULL,NULL,NULL,NULL,NULL,"16/12/2020 Aurelio Jiménez","2",NULL,"89","6",NULL,NULL,NULL,NULL,,"0","74","0","0000-00-00",NULL
"991",,NULL,NULL,NULL,NULL,NULL,NULL,"17/12/2020 Cristian Garrido","2",NULL,"89","6",NULL,NULL,NULL,NULL,,"0","74","0","0000-00-00",NULL
"992",,NULL,NULL,NULL,NULL,NULL,NULL,"17/12/2020 Aurelio Jiménez","2",NULL,"89","6",NULL,NULL,NULL,NULL,,"0","74","0","0000-00-00",NULL
"993",,NULL,NULL,NULL,NULL,NULL,NULL,"18/12/2020 Cristian Garrido","2",NULL,"89","6",NULL,NULL,NULL,NULL,,"0","74","0","0000-00-00",NULL
"994",,NULL,NULL,NULL,NULL,NULL,NULL,"18/12/2020 Aurelio Jiménez","2",NULL,"89","6",NULL,NULL,NULL,NULL,,"0","74","0","0000-00-00",NULL
"995",,NULL,NULL,NULL,NULL,NULL,NULL,"21/12/2020 Cristian Garrido","2",NULL,"89","6",NULL,NULL,NULL,NULL,,"0","74","0","0000-00-00",NULL
"996",,NULL,NULL,NULL,NULL,NULL,NULL,"21/12/2020 Aurelio Jiménez","2",NULL,"89","6",NULL,NULL,NULL,NULL,,"0","74","0","0000-00-00",NULL
"997",,NULL,NULL,NULL,NULL,NULL,NULL,"21/12/2020 Julio Leyton","2",NULL,"89","6",NULL,NULL,NULL,NULL,,"0","74","0","0000-00-00",NULL
"998",,NULL,NULL,NULL,NULL,NULL,NULL,"21/12/2020 Claudio Contreras","2",NULL,"89","1",NULL,NULL,NULL,NULL,,"0","72","0","0000-00-00",NULL
"999",,NULL,NULL,NULL,NULL,NULL,NULL,"22/12/2020 Cristian Garrido","2",NULL,"89","6",NULL,NULL,NULL,NULL,,"0","74","0","0000-00-00",NULL
"1000",,NULL,NULL,NULL,NULL,NULL,NULL,"22/12/2020 Aurelio Jiménez","2",NULL,"89","6",NULL,NULL,NULL,NULL,,"0","74","0","0000-00-00",NULL
"1001",,NULL,NULL,NULL,NULL,NULL,NULL,"22/12/2020 Julio Leyton","2",NULL,"89","6",NULL,NULL,NULL,NULL,,"0","74","0","0000-00-00",NULL
"1002",,NULL,NULL,NULL,NULL,NULL,NULL,"22/12/2020 Fernando Araya","2",NULL,"89","6",NULL,NULL,NULL,NULL,,"0","74","0","0000-00-00",NULL
"1003","CRT1780",NULL,NULL,NULL,NULL,NULL,NULL,"08-01-2021 F:R28100CRT:400.501.780","2",NULL,"86","6",NULL,NULL,NULL,NULL,"R28100","0","41","0","0000-00-00",NULL
"1004","CRT1778",NULL,NULL,NULL,NULL,NULL,NULL,"08-01-2021 F: R28090 CRT:400.501.778","2",NULL,"86","6",NULL,NULL,NULL,NULL,,"0","41","0","0000-00-00",NULL
"1005","CRT1779",NULL,NULL,NULL,NULL,NULL,NULL,"05-01-2021 F: R28510 CRT:400.501.777","2",NULL,"86","6",NULL,NULL,NULL,NULL,"R28510","0","41","0","0000-00-00",NULL
"1006","CRT1779",NULL,NULL,NULL,NULL,NULL,NULL,"08-01-2021 F:R28110CRT:400.501.779","2",NULL,"90","6",NULL,NULL,NULL,NULL,"R28110","0","41","0","0000-00-00",NULL
"1007","CRT1792",NULL,NULL,NULL,NULL,NULL,NULL,"09-02-2021 F:R32511CRT:400.501.792","2",NULL,"91","6",NULL,NULL,NULL,NULL,"R32511","0","41","0","0000-00-00",NULL
"1008","CRT1801",NULL,NULL,NULL,NULL,NULL,NULL,"15-02-2021 F:R32751CRT:400.501.801","2",NULL,"92","6",NULL,NULL,NULL,NULL,"R32751","0","41","0","0000-00-00",NULL
"1009","CRT1802",NULL,NULL,NULL,NULL,NULL,NULL,"15-02-2021 F:R32721CRT:400.501.802","2",NULL,"92","6",NULL,NULL,NULL,NULL,"R32721","0","41","0","0000-00-00",NULL
"1010",,NULL,NULL,NULL,NULL,NULL,NULL,"01-02-2021 Luis","2",NULL,"93","6",NULL,NULL,NULL,NULL,,"0","73","0","0000-00-00",NULL
"1011",,NULL,NULL,NULL,NULL,NULL,NULL,"01-02-2021 Sergio","2",NULL,"93","6",NULL,NULL,NULL,NULL,,"0","73","0","0000-00-00",NULL
"1012",,NULL,NULL,NULL,NULL,NULL,NULL,"02-02-2021 Luis","2",NULL,"93","6",NULL,NULL,NULL,NULL,,"0","73","0","0000-00-00",NULL
"1013",,NULL,NULL,NULL,NULL,NULL,NULL,"02-02-2021 Sergio","2",NULL,"93","6",NULL,NULL,NULL,NULL,,"0","73","0","0000-00-00",NULL
"1014",,NULL,NULL,NULL,NULL,NULL,NULL,"03-02-2021 Luis","2",NULL,"93","6",NULL,NULL,NULL,NULL,,"0","73","0","0000-00-00",NULL
"1015",,NULL,NULL,NULL,NULL,NULL,NULL,"03-02-2021 Sergio","2",NULL,"93","6",NULL,NULL,NULL,NULL,,"0","73","0","0000-00-00",NULL
"1016",,NULL,NULL,NULL,NULL,NULL,NULL,"04-02-2021 Luis","2",NULL,"93","6",NULL,NULL,NULL,NULL,,"0","73","0","0000-00-00",NULL
"1017",,NULL,NULL,NULL,NULL,NULL,NULL,"04-02-2021 Sergio","2",NULL,"93","6",NULL,NULL,NULL,NULL,,"0","73","0","0000-00-00",NULL
"1018",,NULL,NULL,NULL,NULL,NULL,NULL,"05-02-2021 Luis","2",NULL,"93","6",NULL,NULL,NULL,NULL,,"0","73","0","0000-00-00",NULL
"1019",,NULL,NULL,NULL,NULL,NULL,NULL,"05-02-2021 Sergio","2",NULL,"93","6",NULL,NULL,NULL,NULL,,"0","73","0","0000-00-00",NULL
"1020",,NULL,NULL,NULL,NULL,NULL,NULL,"08-02-2021 Luis","2",NULL,"93","6",NULL,NULL,NULL,NULL,,"0","73","0","0000-00-00",NULL
"1021",,NULL,NULL,NULL,NULL,NULL,NULL,"08-02-2021 Sergio","2",NULL,"93","6",NULL,NULL,NULL,NULL,,"0","73","0","0000-00-00",NULL
"1022",,NULL,NULL,NULL,NULL,NULL,NULL,"09-02-2021 Luis","2",NULL,"93","6",NULL,NULL,NULL,NULL,,"0","73","0","0000-00-00",NULL
"1023",,NULL,NULL,NULL,NULL,NULL,NULL,"09-02-2021 Sergio","2",NULL,"93","6",NULL,NULL,NULL,NULL,,"0","73","0","0000-00-00",NULL
"1024",,NULL,NULL,NULL,NULL,NULL,NULL,"10-02-2021 Luis","2",NULL,"93","6",NULL,NULL,NULL,NULL,,"0","73","0","0000-00-00",NULL
"1025",,NULL,NULL,NULL,NULL,NULL,NULL,"10-02-2021 Sergio","2",NULL,"93","6",NULL,NULL,NULL,NULL,,"0","73","0","0000-00-00",NULL
"1026",,NULL,NULL,NULL,NULL,NULL,NULL,"11-02-2021 Luis","2",NULL,"93","6",NULL,NULL,NULL,NULL,,"0","73","0","0000-00-00",NULL
"1027",,NULL,NULL,NULL,NULL,NULL,NULL,"11-02-2021 Sergio","2",NULL,"93","6",NULL,NULL,NULL,NULL,,"0","73","0","0000-00-00",NULL
"1028",,NULL,NULL,NULL,NULL,NULL,NULL,"12-02-2021 Luis","2",NULL,"93","6",NULL,NULL,NULL,NULL,,"0","73","0","0000-00-00",NULL
"1029",,NULL,NULL,NULL,NULL,NULL,NULL,"12-02-2021 Sergio","2",NULL,"93","6",NULL,NULL,NULL,NULL,,"0","73","0","0000-00-00",NULL
"1030",,NULL,NULL,NULL,NULL,NULL,NULL,"13-02-2021 Luis","2",NULL,"93","6",NULL,NULL,NULL,NULL,,"0","73","0","0000-00-00",NULL
"1031",,NULL,NULL,NULL,NULL,NULL,NULL,"15-02-2021 luis","2",NULL,"93","6",NULL,NULL,NULL,NULL,,"0","73","0","0000-00-00",NULL
"1032",,NULL,NULL,NULL,NULL,NULL,NULL,"16-02-2021 Sergio","2",NULL,"93","6",NULL,NULL,NULL,NULL,,"0","73","0","0000-00-00",NULL
"1033",,NULL,NULL,NULL,NULL,NULL,NULL,"16-02-2021 luis","2",NULL,"93","6",NULL,NULL,NULL,NULL,,"0","73","0","0000-00-00",NULL
"1034",,NULL,NULL,NULL,NULL,NULL,NULL,"17-02-2021 sergio","2",NULL,"93","6",NULL,NULL,NULL,NULL,,"0","73","0","0000-00-00",NULL
"1035",,NULL,NULL,NULL,NULL,NULL,NULL,"17-02-2021 luis","2",NULL,"93","6",NULL,NULL,NULL,NULL,,"0","73","0","0000-00-00",NULL
"1036",,NULL,NULL,NULL,NULL,NULL,NULL,"18-02-2021 sergio","2",NULL,"93","6",NULL,NULL,NULL,NULL,,"0","73","0","0000-00-00",NULL
"1037",,NULL,NULL,NULL,NULL,NULL,NULL,"18-02-2021 luis","2",NULL,"93","6",NULL,NULL,NULL,NULL,,"0","73","0","0000-00-00",NULL
"1038",,NULL,NULL,NULL,NULL,NULL,NULL,"19-02-2021 sergio","2",NULL,"93","6",NULL,NULL,NULL,NULL,,"0","73","0","0000-00-00",NULL
"1039",,NULL,NULL,NULL,NULL,NULL,NULL,"19-02-2021 luis","2",NULL,"93","6",NULL,NULL,NULL,NULL,,"0","73","0","0000-00-00",NULL
"1040",,NULL,NULL,NULL,NULL,NULL,NULL,"22-02-2021 sergio","2",NULL,"93","6",NULL,NULL,NULL,NULL,,"0","73","0","0000-00-00",NULL
"1041",,NULL,NULL,NULL,NULL,NULL,NULL,"22-02-2021 luis","2",NULL,"93","6",NULL,NULL,NULL,NULL,,"0","73","0","0000-00-00",NULL
"1042",,NULL,NULL,NULL,NULL,NULL,NULL,"23-02-2021 sergio","2",NULL,"93","6",NULL,NULL,NULL,NULL,,"0","73","0","0000-00-00",NULL
"1043",,NULL,NULL,NULL,NULL,NULL,NULL,"23-02-2021 luis","2",NULL,"93","6",NULL,NULL,NULL,NULL,,"0","73","0","0000-00-00",NULL
"1044",,NULL,NULL,NULL,NULL,NULL,NULL,"24-02-2021 sergio","2",NULL,"93","6",NULL,NULL,NULL,NULL,,"0","73","0","0000-00-00",NULL
"1045",,NULL,NULL,NULL,NULL,NULL,NULL,"24-02-2021 luis","2",NULL,"93","6",NULL,NULL,NULL,NULL,,"0","73","0","0000-00-00",NULL
"1046",,NULL,NULL,NULL,NULL,NULL,NULL,"25-02-2021 sergio","2",NULL,"93","6",NULL,NULL,NULL,NULL,,"0","73","0","0000-00-00",NULL
"1047",,NULL,NULL,NULL,NULL,NULL,NULL,"25-02-2021 sergio","2",NULL,"93","6",NULL,NULL,NULL,NULL,,"0","73","0","0000-00-00",NULL
"1048",,NULL,NULL,NULL,NULL,NULL,NULL,"26-02-2021 sergio","2",NULL,"93","6",NULL,NULL,NULL,NULL,,"0","73","0","0000-00-00",NULL
"1049",,NULL,NULL,NULL,NULL,NULL,NULL,"26-02-2021 luis","2",NULL,"93","6",NULL,NULL,NULL,NULL,,"0","73","0","0000-00-00",NULL
"1050",,NULL,NULL,NULL,NULL,NULL,NULL,"01-03-2021 Sergio ","2",NULL,"95","6",NULL,NULL,NULL,NULL,,"0","73","0","0000-00-00",NULL
"1051",,NULL,NULL,NULL,NULL,NULL,NULL,"01-03-2021 Luis","2",NULL,"95","6",NULL,NULL,NULL,NULL,,"0","73","0","0000-00-00",NULL
"1052",,NULL,NULL,NULL,NULL,NULL,NULL,"02-03-2021 Sergio","2",NULL,"95","6",NULL,NULL,NULL,NULL,,"0","73","0","0000-00-00",NULL
"1053",,NULL,NULL,NULL,NULL,NULL,NULL,"02-03-2021 Luis","2",NULL,"95","6",NULL,NULL,NULL,NULL,,"0","73","0","0000-00-00",NULL
"1054",,NULL,NULL,NULL,NULL,NULL,NULL,"03-03-2021 Sergio","2",NULL,"95","6",NULL,NULL,NULL,NULL,,"0","73","0","0000-00-00",NULL
"1055",,NULL,NULL,NULL,NULL,NULL,NULL,"03-03-2021 Luis","2",NULL,"95","6",NULL,NULL,NULL,NULL,,"0","73","0","0000-00-00",NULL
"1056",,NULL,NULL,NULL,NULL,NULL,NULL,"04-03-2021 Sergio","2",NULL,"95","6",NULL,NULL,NULL,NULL,,"0","73","0","0000-00-00",NULL
"1057",,NULL,NULL,NULL,NULL,NULL,NULL,"04-03-2021 Luis","2",NULL,"95","6",NULL,NULL,NULL,NULL,,"0","73","0","0000-00-00",NULL
"1058",,NULL,NULL,NULL,NULL,NULL,NULL,"05-03-2021 Sergio","2",NULL,"95","6",NULL,NULL,NULL,NULL,,"0","73","0","0000-00-00",NULL
"1059",,NULL,NULL,NULL,NULL,NULL,NULL,"05-03-2021 Luis","2",NULL,"95","6",NULL,NULL,NULL,NULL,,"0","73","0","0000-00-00",NULL
"1060",,NULL,NULL,NULL,NULL,NULL,NULL,"08-03-2021 Sergio","2",NULL,"95","6",NULL,NULL,NULL,NULL,,"0","73","0","0000-00-00",NULL
"1061",,NULL,NULL,NULL,NULL,NULL,NULL,"08-03-2021 Luis","2",NULL,"95","6",NULL,NULL,NULL,NULL,,"0","73","0","0000-00-00",NULL
"1062",,NULL,NULL,NULL,NULL,NULL,NULL,"09-03-2021 Sergio","2",NULL,"95","6",NULL,NULL,NULL,NULL,,"0","73","0","0000-00-00",NULL
"1063",,NULL,NULL,NULL,NULL,NULL,NULL,"09-03-2021 Luis","2",NULL,"95","6",NULL,NULL,NULL,NULL,,"0","73","0","0000-00-00",NULL
"1064",,NULL,NULL,NULL,NULL,NULL,NULL,"10-03-2021 Sergio","2",NULL,"95","6",NULL,NULL,NULL,NULL,,"0","73","0","0000-00-00",NULL
"1065",,NULL,NULL,NULL,NULL,NULL,NULL,"10-03-2021 Luis","2",NULL,"95","6",NULL,NULL,NULL,NULL,,"0","73","0","0000-00-00",NULL
"1066",,NULL,NULL,NULL,NULL,NULL,NULL,"11-03-2021 Sergio","2",NULL,"95","6",NULL,NULL,NULL,NULL,,"0","73","0","0000-00-00",NULL
"1067",,NULL,NULL,NULL,NULL,NULL,NULL,"11-03-2021 Luis","2",NULL,"95","6",NULL,NULL,NULL,NULL,,"0","73","0","0000-00-00",NULL
"1068",,NULL,NULL,NULL,NULL,NULL,NULL,"12-03-2021 Sergio","2",NULL,"95","6",NULL,NULL,NULL,NULL,,"0","73","0","0000-00-00",NULL
"1069",,NULL,NULL,NULL,NULL,NULL,NULL,"12-03-2021 Luis","2",NULL,"95","6",NULL,NULL,NULL,NULL,,"0","73","0","0000-00-00",NULL
"1070",,NULL,NULL,NULL,NULL,NULL,NULL,"15-03-2021 Sergio","2",NULL,"95","6",NULL,NULL,NULL,NULL,,"0","73","0","0000-00-00",NULL
"1071",,NULL,NULL,NULL,NULL,NULL,NULL,"15-03-2021 Luis","2",NULL,"95","6",NULL,NULL,NULL,NULL,,"0","73","0","0000-00-00",NULL
"1072",,NULL,NULL,NULL,NULL,NULL,NULL,"16-03-2021 Sergio","2",NULL,"95","6",NULL,NULL,NULL,NULL,,"0","73","0","0000-00-00",NULL
"1073",,NULL,NULL,NULL,NULL,NULL,NULL,"16-03-2021 Luis","2",NULL,"95","6",NULL,NULL,NULL,NULL,,"0","73","0","0000-00-00",NULL
"1074",,NULL,NULL,NULL,NULL,NULL,NULL,"17-03-2021 Sergio","2",NULL,"95","6",NULL,NULL,NULL,NULL,,"0","73","0","0000-00-00",NULL
"1075",,NULL,NULL,NULL,NULL,NULL,NULL,"17-03-2021 Luis","2",NULL,"95","6",NULL,NULL,NULL,NULL,,"0","73","0","0000-00-00",NULL
"1076",,NULL,NULL,NULL,NULL,NULL,NULL,"18-03-2021 Sergio","2",NULL,"95","6",NULL,NULL,NULL,NULL,,"0","73","0","0000-00-00",NULL
"1077",,NULL,NULL,NULL,NULL,NULL,NULL,"18-03-2021 Luis","2",NULL,"95","6",NULL,NULL,NULL,NULL,,"0","73","0","0000-00-00",NULL
"1078",,NULL,NULL,NULL,NULL,NULL,NULL,"19-03-2021 Sergio","2",NULL,"95","6",NULL,NULL,NULL,NULL,,"0","73","0","0000-00-00",NULL
"1079",,NULL,NULL,NULL,NULL,NULL,NULL,"19-03-2021 Luis","2",NULL,"95","6",NULL,NULL,NULL,NULL,,"0","73","0","0000-00-00",NULL
"1080",,NULL,NULL,NULL,NULL,NULL,NULL,"22-03-2021 Sergio","2",NULL,"95","6",NULL,NULL,NULL,NULL,,"0","73","0","0000-00-00",NULL
"1081",,NULL,NULL,NULL,NULL,NULL,NULL,"22-03-2021 Luis","2",NULL,"95","6",NULL,NULL,NULL,NULL,,"0","73","0","0000-00-00",NULL
"1082",,NULL,NULL,NULL,NULL,NULL,NULL,"23-03-2021 Sergio","2",NULL,"95","6",NULL,NULL,NULL,NULL,,"0","73","0","0000-00-00",NULL
"1083",,NULL,NULL,NULL,NULL,NULL,NULL,"23-03-2021 Luis","2",NULL,"95","6",NULL,NULL,NULL,NULL,,"0","73","0","0000-00-00",NULL
"1084",,NULL,NULL,NULL,NULL,NULL,NULL,"24-03-2021 Sergio","2",NULL,"95","6",NULL,NULL,NULL,NULL,,"0","73","0","0000-00-00",NULL
"1085",,NULL,NULL,NULL,NULL,NULL,NULL,"24-03-2021 Luis","2",NULL,"95","6",NULL,NULL,NULL,NULL,,"0","73","0","0000-00-00",NULL
"1086",,NULL,NULL,NULL,NULL,NULL,NULL,"25-03-2021 Sergio","2",NULL,"95","6",NULL,NULL,NULL,NULL,,"0","73","0","0000-00-00",NULL
"1087",,NULL,NULL,NULL,NULL,NULL,NULL,"25-03-2021 Luis","2",NULL,"95","6",NULL,NULL,NULL,NULL,,"0","73","0","0000-00-00",NULL
"1088",,NULL,NULL,NULL,NULL,NULL,NULL,"26-03-2021 Sergio","2",NULL,"95","6",NULL,NULL,NULL,NULL,,"0","73","0","0000-00-00",NULL
"1089",,NULL,NULL,NULL,NULL,NULL,NULL,"26-03-2021 Luis","2",NULL,"95","6",NULL,NULL,NULL,NULL,,"0","73","0","0000-00-00",NULL
"1090",,NULL,NULL,NULL,NULL,NULL,NULL,"29-03-2021 Sergio","2",NULL,"95","6",NULL,NULL,NULL,NULL,,"0","73","0","0000-00-00",NULL
"1091",,NULL,NULL,NULL,NULL,NULL,NULL,"29-03-2021 Luis","2",NULL,"95","6",NULL,NULL,NULL,NULL,,"0","73","0","0000-00-00",NULL
"1092",,NULL,NULL,NULL,NULL,NULL,NULL,"30-03-2021 Sergio","2",NULL,"95","6",NULL,NULL,NULL,NULL,,"0","73","0","0000-00-00",NULL
"1093",,NULL,NULL,NULL,NULL,NULL,NULL,"30-03-2021 Luis","2",NULL,"95","6",NULL,NULL,NULL,NULL,,"0","73","0","0000-00-00",NULL
"1094",,NULL,NULL,NULL,NULL,NULL,NULL,"31-03-2021 Sergio","2",NULL,"95","6",NULL,NULL,NULL,NULL,,"0","73","0","0000-00-00",NULL
"1095",,NULL,NULL,NULL,NULL,NULL,NULL,"31-03-2021 Luis","2",NULL,"95","6",NULL,NULL,NULL,NULL,,"0","73","0","0000-00-00",NULL
"1096",,NULL,NULL,NULL,NULL,NULL,NULL,"01/03/2021 Equipo 1","2",NULL,"94","6",NULL,NULL,NULL,NULL,,"0","71","0","0000-00-00",NULL
"1097",,NULL,NULL,NULL,NULL,NULL,NULL,"01/03/2021 Equipo 2","2",NULL,"94","6",NULL,NULL,NULL,NULL,,"0","71","0","0000-00-00",NULL
"1098",,NULL,NULL,NULL,NULL,NULL,NULL,"01/03/2021 Equipo 3","2",NULL,"94","6",NULL,NULL,NULL,NULL,,"0","71","0","0000-00-00",NULL
"1099",,NULL,NULL,NULL,NULL,NULL,NULL,"02/03/2021 Equipo 1","2",NULL,"94","6",NULL,NULL,NULL,NULL,,"0","71","0","0000-00-00",NULL
"1100",,NULL,NULL,NULL,NULL,NULL,NULL,"02/03/2021 Equipo 2","2",NULL,"94","6",NULL,NULL,NULL,NULL,,"0","71","0","0000-00-00",NULL
"1101",,NULL,NULL,NULL,NULL,NULL,NULL,"02/03/2021 Equipo 3","2",NULL,"94","6",NULL,NULL,NULL,NULL,,"0","71","0","0000-00-00",NULL
"1102",,NULL,NULL,NULL,NULL,NULL,NULL,"03-03-2021 Equipo 1","2",NULL,"94","6",NULL,NULL,NULL,NULL,,"0","71","0","0000-00-00",NULL
"1103",,NULL,NULL,NULL,NULL,NULL,NULL,"03-03-2021 Equipo 2","2",NULL,"94","6",NULL,NULL,NULL,NULL,,"0","71","0","0000-00-00",NULL
"1104",,NULL,NULL,NULL,NULL,NULL,NULL,"03-03-2021 Equipo 3","2",NULL,"94","6",NULL,NULL,NULL,NULL,,"0","71","0","0000-00-00",NULL
"1105",,NULL,NULL,NULL,NULL,NULL,NULL,"04-03-2021 Equipo 1","2",NULL,"94","6",NULL,NULL,NULL,NULL,,"0","71","0","0000-00-00",NULL
"1106",,NULL,NULL,NULL,NULL,NULL,NULL,"04-03-2021 Equipo 2","2",NULL,"94","6",NULL,NULL,NULL,NULL,,"0","71","0","0000-00-00",NULL
"1107",,NULL,NULL,NULL,NULL,NULL,NULL,"04-03-2021 Equipo 3","2",NULL,"94","6",NULL,NULL,NULL,NULL,,"0","71","0","0000-00-00",NULL
"1108",,NULL,NULL,NULL,NULL,NULL,NULL,"05-03-2021 Equipo 1","2",NULL,"94","6",NULL,NULL,NULL,NULL,,"0","71","0","0000-00-00",NULL
"1109",,NULL,NULL,NULL,NULL,NULL,NULL,"05-03-2021 Equipo 2","2",NULL,"94","6",NULL,NULL,NULL,NULL,,"0","71","0","0000-00-00",NULL
"1110",,NULL,NULL,NULL,NULL,NULL,NULL,"05-03-2021 Equipo 3","2",NULL,"94","6",NULL,NULL,NULL,NULL,,"0","71","0","0000-00-00",NULL
"1111",,NULL,NULL,NULL,NULL,NULL,NULL,"06-03-2021 Equipo 1","2",NULL,"94","6",NULL,NULL,NULL,NULL,,"0","71","0","0000-00-00",NULL
"1112",,NULL,NULL,NULL,NULL,NULL,NULL,"06-03-2021 Equipo 3","2",NULL,"94","6",NULL,NULL,NULL,NULL,,"0","71","0","0000-00-00",NULL
"1113",,NULL,NULL,NULL,NULL,NULL,NULL,"07-03-2021 Equipo 1","2",NULL,"94","6",NULL,NULL,NULL,NULL,,"0","71","0","0000-00-00",NULL
"1114",,NULL,NULL,NULL,NULL,NULL,NULL,"08-03-2021 Equipo 1","2",NULL,"94","6",NULL,NULL,NULL,NULL,,"0","71","0","0000-00-00",NULL
"1115",,NULL,NULL,NULL,NULL,NULL,NULL,"08-03-2021 Equipo 2","2",NULL,"94","6",NULL,NULL,NULL,NULL,,"0","71","0","0000-00-00",NULL
"1116",,NULL,NULL,NULL,NULL,NULL,NULL,"08-03-2021 Equipo 3","2",NULL,"94","6",NULL,NULL,NULL,NULL,,"0","71","0","0000-00-00",NULL
"1117",,NULL,NULL,NULL,NULL,NULL,NULL,"09-03-2021 Equipo 1","2",NULL,"94","6",NULL,NULL,NULL,NULL,,"0","71","0","0000-00-00",NULL
"1118",,NULL,NULL,NULL,NULL,NULL,NULL,"09-03-2021 Equipo 2","2",NULL,"94","6",NULL,NULL,NULL,NULL,,"0","71","0","0000-00-00",NULL
"1119",,NULL,NULL,NULL,NULL,NULL,NULL,"09-03-2021 Equipo 3","2",NULL,"94","6",NULL,NULL,NULL,NULL,,"0","71","0","0000-00-00",NULL
"1120",,NULL,NULL,NULL,NULL,NULL,NULL,"10-03-2021 Equipo 1","2",NULL,"94","6",NULL,NULL,NULL,NULL,,"0","71","0","0000-00-00",NULL
"1121",,NULL,NULL,NULL,NULL,NULL,NULL,"10-03-2021 Equipo 2","2",NULL,"94","6",NULL,NULL,NULL,NULL,,"0","71","0","0000-00-00",NULL
"1122",,NULL,NULL,NULL,NULL,NULL,NULL,"Equipo 3","2",NULL,"94","6",NULL,NULL,NULL,NULL,,"0","71","0","0000-00-00",NULL
"1123",,NULL,NULL,NULL,NULL,NULL,NULL,"11-02-2021 equipo 1","2",NULL,"94","1",NULL,NULL,NULL,NULL,,"0","70","0","0000-00-00",NULL
"1124",,NULL,NULL,NULL,NULL,NULL,NULL,"11-02-2021 Equipo 2","2",NULL,"94","1",NULL,NULL,NULL,NULL,,"0","70","0","0000-00-00",NULL
"1125",,NULL,NULL,NULL,NULL,NULL,NULL,"11-02-2021 Equipo 3","2",NULL,"94","1",NULL,NULL,NULL,NULL,,"0","70","0","0000-00-00",NULL
"1126",,NULL,NULL,NULL,NULL,NULL,NULL,"12-02-2021 Equipo 1","2",NULL,"94","1",NULL,NULL,NULL,NULL,,"0","70","0","0000-00-00",NULL
"1127",,NULL,NULL,NULL,NULL,NULL,NULL,"12-02-2021 Equipo 2","2",NULL,"94","1",NULL,NULL,NULL,NULL,,"0","70","0","0000-00-00",NULL
"1128",,NULL,NULL,NULL,NULL,NULL,NULL,"12-02-2021 Equipo 3","2",NULL,"94","6",NULL,NULL,NULL,NULL,,"0","71","0","0000-00-00",NULL
"1129",,NULL,NULL,NULL,NULL,NULL,NULL,"13-02-2021 César","2",NULL,"94","1",NULL,NULL,NULL,NULL,,"0","70","0","0000-00-00",NULL
"1130",,NULL,NULL,NULL,NULL,NULL,NULL,"13-02-2021 Patricio Meza","2",NULL,"94","1",NULL,NULL,NULL,NULL,,"0","70","0","0000-00-00",NULL
"1131",,NULL,NULL,NULL,NULL,NULL,NULL,"14-02-2021 César ","2",NULL,"94","1",NULL,NULL,NULL,NULL,,"0","70","0","0000-00-00",NULL
"1132",,NULL,NULL,NULL,NULL,NULL,NULL,"15-02-2021 Equipo 1","2",NULL,"94","1",NULL,NULL,NULL,NULL,,"0","70","0","0000-00-00",NULL
"1133",,NULL,NULL,NULL,NULL,NULL,NULL,"15-02-2021 Equipo 2","2",NULL,"94","1",NULL,NULL,NULL,NULL,,"0","70","0","0000-00-00",NULL
"1134",,NULL,NULL,NULL,NULL,NULL,NULL,"15-02-2021 equipo 3","2",NULL,"94","1",NULL,NULL,NULL,NULL,,"0","70","0","0000-00-00",NULL
"1135",,NULL,NULL,NULL,NULL,NULL,NULL,"16-02-2021 Equipo 1","2",NULL,"94","1",NULL,NULL,NULL,NULL,,"0","70","0","0000-00-00",NULL
"1136",,NULL,NULL,NULL,NULL,NULL,NULL,"16-02-2021 Equipo 2","2",NULL,"94","1",NULL,NULL,NULL,NULL,,"0","70","0","0000-00-00",NULL
"1137",,NULL,NULL,NULL,NULL,NULL,NULL,"16-02-2021 equipo 3","2",NULL,"94","1",NULL,NULL,NULL,NULL,,"0","70","0","0000-00-00",NULL
"1138","1",NULL,NULL,NULL,NULL,NULL,NULL,"sdasd","2",NULL,"98","6",NULL,NULL,NULL,NULL,"2","0","79","0","0000-00-00",NULL
"1139","1",NULL,NULL,NULL,NULL,NULL,NULL,"asdasd","2",NULL,"99","1",NULL,NULL,NULL,NULL,"2","0","70","0","0000-00-00",NULL
