"0",NULL,NULL,NULL,"0",NULL
"1","1","Alexis Saez","9.215.011-9","1","66997013"
"2","2","Alvaro Aguilera","14.188.154-K","1","66997012"
"3","3","Carlos Baeza","11.661.426-K","1","79980176"
"4","4","Carlos Coloma","6.702.809-0","1","66997009"
"5","5","Claudio Monserrat","9.497.207-8","1","72780161"
"6","6","Elias Correa","10.512.503-8","1","94199518"
"7",NULL,"Nombre 1","11111111-1","5","111"
"8",NULL,"Alexis Gajardo","17.980.526-k","48",
"9",NULL,"German Oyarce","16.555.759-k","48",
"10",NULL,"Alexis Gajardo","17.980.526-k","49","65628370"
"11",NULL,"GermÃ¡n Oyarce","16.555.795-k","49","97035630"
"12",NULL,"Juan Oyarce","10.161.180-9","49","90113083"
"13",NULL,"Marco Aguero",,"51","54*785*5672"
"14",NULL,"Chofer","12345678-9","54","55555555"
"15",NULL,"Juan Mena","12345678-9","54","11111111"
"16",NULL,"Juan Mena","12345678-9","54","22222222"
"17",NULL,"Ariel Valenti","12345678-9","54","22222222"
"18",NULL,"Daniel Garay","12345678-9","54","11111111"
"19",NULL,"Carlos Riffo","8.304.040-8","59","98626823"
"20",NULL,"DANIEL GARAY","25.329.952","58","54*483*1593 "
"21",NULL,"NORBERTO DANIEL GARAY ","25329952","56",
"22",NULL,"NORBERTO DANIEL GARAY CEDULA ","25329952","60",
"23",NULL,"Stefano Tatti Lomboy","12.274.710-7","62","222222222"
"24",NULL,"GERMAN OYARCE","16555759-K","68","+56998915005"
"25",NULL,"SEBASTIAN DELGADILLO","16218487-3","68","+56970318879"
"26",NULL,"HECTOR ACOSTA","11490723-5","67","+56965466250"
"27",NULL,"MARCOS MORENO","16041032-9","69","+56947701745"
"28",NULL,"Sebastian Delgadillo","16218487-3","70",
"29",NULL,"German Oyarce","16555759-k","70",
"30",NULL,"Rodrigo Antonio Lozano Campos","8908432-6","72","56 9 6919 2558"
"31",NULL,"Gabriel Aroca Alarcon","13712620-6","73","56 9 39534651"
"32",NULL,"Raul Segundo MuÃ±oz Sambueza","11539450-9","73","56 9 88315323"
"33",NULL,"Camilo Jimenez","20943699-k","74","56 965471699"
"34",NULL,"Transportes Rofran","59289160-3","71","56 (2) 25206210"
"35",NULL,"Transportes Mavicargo","76168863-4","78","56 (2) 26565160"
"36",NULL,"CÃ©sar Mora Alfaro","12794168-8","78","56 9 8913 8998"
"39",NULL,"Inv Transporte Spa","76943022-9","79","56 9 64395435"
"40",NULL,"RaÃºl MuÃ±oz","11.539.450-9","56",
"41",NULL,"Gabriel Aroca","13.712.620-6","56",
"42",NULL,"RaÃºl MuÃ±oz","11539450-9","80",
"43",NULL,"Gabriel Aroca","13712620-6","80",
"44",NULL,"Fernando Cerda","1111111-1","81",
"45",NULL,"Fernando Araya","22222-2","81",
"46",NULL,"CÃ©sar Mora","12794168-8","72","56 9 8913 8998"
"47",NULL,"Luis OlguÃ­n Chandia","11750588-k","77",
"48",NULL,"JimÃ©nez","Aurelio","75","56 966542008"
"49",NULL,"Julio Leyton","20.943.699-K","83","56 (9) 65471699"
"50",NULL,"Oscar Abarzua","9.008-509-3","82","56 9 95329081"
"51",NULL,"Sergio GÃ³mez","16700086-k","84","940271261"
"52",NULL,"Patricio Meza","xxx-1","72","56 9 89138998"
"53",NULL,"Cristian Mendizabal","11885547-7","72","56 9 8913 8998"
"54",NULL,"Conductor","xxx-0","72","56 9 8913 8998"
"55",NULL,"Miguel","26253020-5","85","964868893"
