"11","Orden de Servicio","OrdenServicio.htm"
"12","Coordinacion de transporte","CoordinacionTransporte.htm"
"13","Programacion de transporte","ProgramacionTransporte.htm"
"14","Seguimiento de transporte","Seguimiento.htm"
"15","Inventario","inventario.htm"
"21","Ingresos y costos","../Reportes/reporteFinanciero-obtener.htm"
"22","Exportacion inventario","../Reportes/reporteInventario-obtener.htm"
"31","Mantenedor lugares","../Mantenedores/mantenedor-lugar.htm"
"32","Mantenedor tramos","../Mantenedores/mantenedor-tramos.htm"
"33","Mantenedor empresas","../Mantenedores/mantenedor-empresa.htm"
"34","Mantenedor clientes","../Mantenedores/mantenedor-cliente.htm"
"35","Mantenedor naviera","../Mantenedores/mantenedor-naviera.htm"
"36","Mantenedor usuarios","../Mantenedores/mantenedor-usuarios.htm"
"37","Diseño de servicios","../Mantenedores/disenador-servicios.htm"
