"229","paso 1",NULL,NULL
"230","paso 3",NULL,NULL
"231","paso 4",NULL,NULL
"232","paso 1",NULL,NULL
"233","paso 4",NULL,NULL
"234","paso 1",NULL,NULL
"235","paso 3",NULL,NULL
"236","paso 4",NULL,NULL
"237","paso 1",NULL,NULL
"238","paso 4",NULL,NULL
"239","paso 1",NULL,NULL
"240","paso 4",NULL,NULL
"241","paso 1",NULL,NULL
"242","paso 3",NULL,NULL
"243","paso 4",NULL,NULL
"244","paso 1",NULL,NULL
"245","paso 4",NULL,NULL
"246","paso 1",NULL,NULL
"247","paso 4",NULL,NULL
"248","paso 1",NULL,NULL
"249","paso 3",NULL,NULL
"250","paso 4",NULL,NULL
"251","paso 1",NULL,NULL
"252","paso 4",NULL,NULL
"253","paso 1",NULL,NULL
"254","paso 4",NULL,NULL
"255","paso 1",NULL,NULL
"256","paso 4",NULL,NULL
"257","paso 1",NULL,NULL
"258","paso 4",NULL,NULL
"259","paso 1",NULL,NULL
"260","paso 3",NULL,NULL
"261","paso 4",NULL,NULL
"262","paso 1",NULL,NULL
"263","paso 3",NULL,NULL
"264","paso 4",NULL,NULL
"265","paso 1",NULL,NULL
"266","paso 3",NULL,NULL
"267","paso 4",NULL,NULL
"268","paso 1",NULL,NULL
"269","paso 4",NULL,NULL
"270","paso 1",NULL,NULL
"271","paso 4",NULL,NULL
"272","paso 1",NULL,NULL
"273","paso 4",NULL,NULL
"274","paso 1",NULL,NULL
"275","paso 4",NULL,NULL
"276","paso 1",NULL,NULL
"277","paso 4",NULL,NULL
"278","paso 1",NULL,NULL
"279","paso 4",NULL,NULL
"280","paso 1",NULL,NULL
"281","paso 4",NULL,NULL
"282","paso 1",NULL,NULL
"283","paso 4",NULL,NULL
"284","paso 1",NULL,NULL
"285","paso 4",NULL,NULL
"286","paso 1",NULL,NULL
"287","paso 4",NULL,NULL
"288","paso 1",NULL,NULL
"289","paso 4",NULL,NULL
"290","paso 1",NULL,NULL
"291","paso 4",NULL,NULL
"292","paso 1",NULL,NULL
"293","paso 4",NULL,NULL
"294","paso 1",NULL,NULL
"295","paso 4",NULL,NULL
"296","paso 1",NULL,NULL
"297","paso 4",NULL,NULL
"298","paso 1",NULL,NULL
"299","paso 4",NULL,NULL
"300","paso 1",NULL,NULL
"301","paso 4",NULL,NULL
"302","paso 1",NULL,NULL
"303","paso 3",NULL,NULL
"304","paso 4",NULL,NULL
"305","paso 1",NULL,NULL
"306","paso 4",NULL,NULL
"307","paso 1",NULL,NULL
"308","paso 4",NULL,NULL
"309","paso 1",NULL,NULL
"310","paso 4",NULL,NULL
"311","paso 1",NULL,NULL
"312","paso 4",NULL,NULL
"313","paso 1",NULL,NULL
"314","paso 4",NULL,NULL
"315","paso 1",NULL,NULL
"316","paso 4",NULL,NULL
"317","paso 1",NULL,NULL
"318","paso 4",NULL,NULL
"319","paso 1",NULL,NULL
"320","paso 4",NULL,NULL
"321","paso 1",NULL,NULL
"322","paso 4",NULL,NULL
"323","paso 1",NULL,NULL
"324","paso 4",NULL,NULL
"325","paso 1",NULL,NULL
"326","paso 4",NULL,NULL
"327","paso 1",NULL,NULL
"328","paso 4",NULL,NULL
"329","paso 1",NULL,NULL
"330","paso 4",NULL,NULL
"331","paso 1",NULL,NULL
"332","paso 4",NULL,NULL
"333","paso 1",NULL,NULL
"334","paso 4",NULL,NULL
"335","paso 1",NULL,NULL
"336","paso 4",NULL,NULL
"337","paso 1",NULL,NULL
"338","paso 4",NULL,NULL
"339","paso 1",NULL,NULL
"340","paso 4",NULL,NULL
"341","paso 1",NULL,NULL
"342","paso 4",NULL,NULL
"343","paso 1",NULL,NULL
"344","paso 4",NULL,NULL
"345","paso 1",NULL,NULL
"346","paso 4",NULL,NULL
"347","paso 1",NULL,NULL
"348","paso 4",NULL,NULL
"349","paso 1",NULL,NULL
"350","paso 4",NULL,NULL
"351","paso 1",NULL,NULL
"352","paso 4",NULL,NULL
"353","paso 1",NULL,NULL
"354","paso 4",NULL,NULL
"355","paso 1",NULL,NULL
"356","paso 4",NULL,NULL
"357","paso 1",NULL,NULL
"358","paso 4",NULL,NULL
"359","paso 1",NULL,NULL
"360","paso 4",NULL,NULL
"361","paso 1",NULL,NULL
"362","paso 4",NULL,NULL
"363","paso 1",NULL,NULL
"364","paso 4",NULL,NULL
"365","paso 1",NULL,NULL
"366","paso 4",NULL,NULL
"367","paso 1",NULL,NULL
"368","paso 4",NULL,NULL
"369","paso 1",NULL,NULL
"370","paso 4",NULL,NULL
"371","paso 1",NULL,NULL
"372","paso 4",NULL,NULL
"373","paso 1",NULL,NULL
"374","paso 4",NULL,NULL
"375","paso 1",NULL,NULL
"376","paso 4",NULL,NULL
"377","paso 1",NULL,NULL
"378","paso 4",NULL,NULL
"379","paso 1",NULL,NULL
"380","paso 4",NULL,NULL
"381","paso 1",NULL,NULL
"382","paso 4",NULL,NULL
"383","paso 1",NULL,NULL
"384","paso 4",NULL,NULL
"385","paso 1",NULL,NULL
"386","paso 4",NULL,NULL
"387","paso 1",NULL,NULL
"388","paso 4",NULL,NULL
"389","paso 1",NULL,NULL
"390","paso 4",NULL,NULL
"391","paso 1",NULL,NULL
"392","paso 4",NULL,NULL
"393","paso 1",NULL,NULL
"394","paso 4",NULL,NULL
"395","paso 1",NULL,NULL
"396","paso 4",NULL,NULL
"397","paso 1",NULL,NULL
"398","paso 4",NULL,NULL
"399","paso 1",NULL,NULL
"400","paso 4",NULL,NULL
"401","paso 1",NULL,NULL
"402","paso 4",NULL,NULL
"403","paso 1",NULL,NULL
"404","paso 4",NULL,NULL
"405","paso 1",NULL,NULL
"406","paso 4",NULL,NULL
"407","paso 1",NULL,NULL
"408","paso 4",NULL,NULL
"409","paso 1",NULL,NULL
"410","paso 4",NULL,NULL
"411","paso 1",NULL,NULL
"412","paso 4",NULL,NULL
"413","paso 1",NULL,NULL
"414","paso 4",NULL,NULL
"415","paso 1",NULL,NULL
"416","paso 4",NULL,NULL
"417","paso 1",NULL,NULL
"418","paso 4",NULL,NULL
"419","paso 1",NULL,NULL
"420","paso 4",NULL,NULL
"421","paso 1",NULL,NULL
"422","paso 4",NULL,NULL
"423","paso 1",NULL,NULL
"424","paso 4",NULL,NULL
"425","paso 1",NULL,NULL
"426","paso 4",NULL,NULL
"427","paso 1",NULL,NULL
"428","paso 4",NULL,NULL
"429","paso 1",NULL,NULL
"430","paso 4",NULL,NULL
"431","paso 1",NULL,NULL
"432","paso 4",NULL,NULL
"433","paso 1",NULL,NULL
"434","paso 4",NULL,NULL
"435","paso 1",NULL,NULL
"436","paso 4",NULL,NULL
"437","paso 1",NULL,NULL
"438","paso 4",NULL,NULL
"439","paso 1",NULL,NULL
"440","paso 4",NULL,NULL
"441","paso 1",NULL,NULL
"442","paso 4",NULL,NULL
"443","paso 1",NULL,NULL
"444","paso 4",NULL,NULL
"445","paso 1",NULL,NULL
"446","paso 4",NULL,NULL
"447","paso 1",NULL,NULL
"448","paso 4",NULL,NULL
"449","paso 1",NULL,NULL
"450","paso 4",NULL,NULL
"451","paso 1",NULL,NULL
"452","paso 4",NULL,NULL
"453","paso 1",NULL,NULL
"454","paso 4",NULL,NULL
"455","paso 1",NULL,NULL
"456","paso 4",NULL,NULL
"457","paso 1",NULL,NULL
"458","paso 4",NULL,NULL
"459","paso 1",NULL,NULL
"460","paso 4",NULL,NULL
"461","paso 1",NULL,NULL
"462","paso 4",NULL,NULL
"463","paso 1",NULL,NULL
"464","paso 4",NULL,NULL
"465","paso 1",NULL,NULL
"466","paso 4",NULL,NULL
"467","paso 1",NULL,NULL
"468","paso 4",NULL,NULL
"469","paso 1",NULL,NULL
"470","paso 4",NULL,NULL
"471","paso 1",NULL,NULL
"472","paso 4",NULL,NULL
"473","paso 1",NULL,NULL
"474","paso 4",NULL,NULL
"475","paso 1",NULL,NULL
"476","paso 4",NULL,NULL
"477","paso 1",NULL,NULL
"478","paso 4",NULL,NULL
"479","paso 1",NULL,NULL
"480","paso 4",NULL,NULL
"481","paso 1",NULL,NULL
"482","paso 4",NULL,NULL
"483","paso 1",NULL,NULL
"484","paso 4",NULL,NULL
"485","paso 1",NULL,NULL
"486","paso 4",NULL,NULL
"487","paso 1",NULL,NULL
"488","paso 4",NULL,NULL
"489","paso 1",NULL,NULL
"490","paso 4",NULL,NULL
"491","paso 1",NULL,NULL
"492","paso 4",NULL,NULL
"493","paso 1",NULL,NULL
"494","paso 4",NULL,NULL
"495","paso 1",NULL,NULL
"496","paso 4",NULL,NULL
"497","paso 1",NULL,NULL
"498","paso 4",NULL,NULL
"499","paso 1",NULL,NULL
"500","paso 4",NULL,NULL
"501","paso 1",NULL,NULL
"502","paso 4",NULL,NULL
"503","paso 1",NULL,NULL
"504","paso 4",NULL,NULL
"505","paso 1",NULL,NULL
"506","paso 4",NULL,NULL
"507","paso 1",NULL,NULL
"508","paso 4",NULL,NULL
"509","paso 1",NULL,NULL
"510","paso 4",NULL,NULL
"511","paso 1",NULL,NULL
"512","paso 4",NULL,NULL
"513","paso 1",NULL,NULL
"514","paso 4",NULL,NULL
"515","paso 1",NULL,NULL
"516","paso 4",NULL,NULL
"517","paso 1",NULL,NULL
"518","paso 4",NULL,NULL
"519","paso 1",NULL,NULL
"520","paso 4",NULL,NULL
"521","paso 1",NULL,NULL
"522","paso 4",NULL,NULL
"523","paso 1",NULL,NULL
"524","paso 4",NULL,NULL
"525","paso 1",NULL,NULL
"526","paso 4",NULL,NULL
"527","paso 1",NULL,NULL
"528","paso 4",NULL,NULL
"529","paso 1",NULL,NULL
"530","paso 4",NULL,NULL
"531","paso 1",NULL,NULL
"532","paso 4",NULL,NULL
"533","paso 1",NULL,NULL
"534","paso 4",NULL,NULL
"535","paso 1",NULL,NULL
"536","paso 4",NULL,NULL
"537","paso 1",NULL,NULL
"538","paso 4",NULL,NULL
"539","paso 1",NULL,NULL
"540","paso 4",NULL,NULL
"541","paso 1",NULL,NULL
"542","paso 4",NULL,NULL
"543","paso 1",NULL,NULL
"544","paso 4",NULL,NULL
"545","paso 1",NULL,NULL
"546","paso 4",NULL,NULL
"547","paso 1",NULL,NULL
"548","paso 4",NULL,NULL
"549","paso 1",NULL,NULL
"550","paso 4",NULL,NULL
"551","paso 1",NULL,NULL
"552","paso 4",NULL,NULL
"553","paso 1",NULL,NULL
"554","paso 4",NULL,NULL
"555","paso 1",NULL,NULL
"556","paso 4",NULL,NULL
"557","paso 1",NULL,NULL
"558","paso 4",NULL,NULL
"559","paso 1",NULL,NULL
"560","paso 4",NULL,NULL
"561","paso 1",NULL,NULL
"562","paso 4",NULL,NULL
"563","paso 1",NULL,NULL
"564","paso 4",NULL,NULL
"565","paso 1",NULL,NULL
"566","paso 4",NULL,NULL
"567","paso 1",NULL,NULL
"568","paso 4",NULL,NULL
"569","paso 1",NULL,NULL
"570","paso 4",NULL,NULL
"571","paso 1",NULL,NULL
"572","paso 4",NULL,NULL
"573","paso 1",NULL,NULL
"574","paso 4",NULL,NULL
"575","paso 1",NULL,NULL
"576","paso 4",NULL,NULL
"577","paso 1",NULL,NULL
"578","paso 4",NULL,NULL
"579","paso 1",NULL,NULL
"580","paso 4",NULL,NULL
"581","paso 1",NULL,NULL
"582","paso 4",NULL,NULL
"583","paso 1",NULL,NULL
"584","paso 4",NULL,NULL
"585","paso 1",NULL,NULL
"586","paso 4",NULL,NULL
"587","paso 1",NULL,NULL
"588","paso 4",NULL,NULL
"589","paso 1",NULL,NULL
"590","paso 4",NULL,NULL
"591","paso 1",NULL,NULL
"592","paso 4",NULL,NULL
"593","paso 1",NULL,NULL
"594","paso 4",NULL,NULL
"595","paso 1",NULL,NULL
"596","paso 4",NULL,NULL
"597","paso 1",NULL,NULL
"598","paso 4",NULL,NULL
"599","paso 1",NULL,NULL
"600","paso 4",NULL,NULL
"601","paso 1",NULL,NULL
"602","paso 4",NULL,NULL
"603","paso 1",NULL,NULL
"604","paso 4",NULL,NULL
"605","paso 1",NULL,NULL
"606","paso 4",NULL,NULL
"607","paso 1",NULL,NULL
"608","paso 4",NULL,NULL
"609","paso 1",NULL,NULL
"610","paso 4",NULL,NULL
"611","paso 1",NULL,NULL
"612","paso 4",NULL,NULL
"613","paso 1",NULL,NULL
"614","paso 4",NULL,NULL
"615","paso 1",NULL,NULL
"616","paso 4",NULL,NULL
"617","paso 1",NULL,NULL
"618","paso 4",NULL,NULL
"619","paso 1",NULL,NULL
"620","paso 4",NULL,NULL
"621","paso 1",NULL,NULL
"622","paso 4",NULL,NULL
"623","paso 1",NULL,NULL
"624","paso 4",NULL,NULL
"625","paso 1",NULL,NULL
"626","paso 4",NULL,NULL
"627","paso 1",NULL,NULL
"628","paso 4",NULL,NULL
"629","paso 1",NULL,NULL
"630","paso 4",NULL,NULL
"631","paso 1",NULL,NULL
"632","paso 4",NULL,NULL
"633","paso 1",NULL,NULL
"634","paso 4",NULL,NULL
"635","paso 1",NULL,NULL
"636","paso 4",NULL,NULL
"637","paso 1",NULL,NULL
"638","paso 4",NULL,NULL
"639","paso 1",NULL,NULL
"640","paso 4",NULL,NULL
"641","paso 1",NULL,NULL
"642","paso 4",NULL,NULL
"643","paso 1",NULL,NULL
"644","paso 4",NULL,NULL
"645","paso 1",NULL,NULL
"646","paso 4",NULL,NULL
"647","paso 1",NULL,NULL
"648","paso 4",NULL,NULL
"649","paso 1",NULL,NULL
"650","paso 4",NULL,NULL
"651","paso 1",NULL,NULL
"652","paso 4",NULL,NULL
"653","paso 1",NULL,NULL
"654","paso 4",NULL,NULL
"655","paso 1",NULL,NULL
"656","paso 4",NULL,NULL
"657","paso 1",NULL,NULL
"658","paso 4",NULL,NULL
"659","paso 1",NULL,NULL
"660","paso 4",NULL,NULL
"661","paso 1",NULL,NULL
"662","paso 4",NULL,NULL
"663","paso 1",NULL,NULL
"664","paso 4",NULL,NULL
"665","paso 1",NULL,NULL
"666","paso 4",NULL,NULL
"667","paso 1",NULL,NULL
"668","paso 4",NULL,NULL
"669","paso 1",NULL,NULL
"670","paso 4",NULL,NULL
"671","paso 1",NULL,NULL
"672","paso 4",NULL,NULL
"673","paso 1",NULL,NULL
"674","paso 4",NULL,NULL
"675","paso 1",NULL,NULL
"676","paso 4",NULL,NULL
"677","paso 1",NULL,NULL
"678","paso 4",NULL,NULL
"679","paso 1",NULL,NULL
"680","paso 4",NULL,NULL
"681","paso 1",NULL,NULL
"682","paso 4",NULL,NULL
"683","paso 1",NULL,NULL
"684","paso 4",NULL,NULL
"685","paso 1",NULL,NULL
"686","paso 4",NULL,NULL
"687","paso 1",NULL,NULL
"688","paso 4",NULL,NULL
"689","paso 1",NULL,NULL
"690","paso 4",NULL,NULL
"691","paso 1",NULL,NULL
"692","paso 4",NULL,NULL
"693","paso 1",NULL,NULL
"694","paso 4",NULL,NULL
"695","paso 1",NULL,NULL
"696","paso 4",NULL,NULL
"697","paso 1",NULL,NULL
"698","paso 4",NULL,NULL
"699","paso 1",NULL,NULL
"700","paso 4",NULL,NULL
"701","paso 1",NULL,NULL
"702","paso 4",NULL,NULL
"703","paso 1",NULL,NULL
"704","paso 4",NULL,NULL
"705","paso 1",NULL,NULL
"706","paso 4",NULL,NULL
"707","paso 1",NULL,NULL
"708","paso 4",NULL,NULL
"709","paso 1",NULL,NULL
"710","paso 4",NULL,NULL
"711","paso 1",NULL,NULL
"712","paso 4",NULL,NULL
"713","paso 1",NULL,NULL
"714","paso 4",NULL,NULL
"715","paso 1",NULL,NULL
"716","paso 4",NULL,NULL
"717","paso 1",NULL,NULL
"718","paso 4",NULL,NULL
"719","paso 1",NULL,NULL
"720","paso 4",NULL,NULL
"721","paso 1",NULL,NULL
"722","paso 4",NULL,NULL
"723","paso 1",NULL,NULL
"724","paso 4",NULL,NULL
"725","paso 1",NULL,NULL
"726","paso 4",NULL,NULL
"727","paso 1",NULL,NULL
"728","paso 4",NULL,NULL
"729","paso 1",NULL,NULL
"730","paso 4",NULL,NULL
"731","paso 1",NULL,NULL
"732","paso 4",NULL,NULL
"733","paso 1",NULL,NULL
"734","paso 4",NULL,NULL
"735","paso 1",NULL,NULL
"736","paso 4",NULL,NULL
"737","paso 1",NULL,NULL
"738","paso 4",NULL,NULL
"739","paso 1",NULL,NULL
"740","paso 4",NULL,NULL
"741","paso 1",NULL,NULL
"742","paso 4",NULL,NULL
"743","paso 1",NULL,NULL
"744","paso 4",NULL,NULL
"745","paso 1",NULL,NULL
"746","paso 4",NULL,NULL
"747","paso 1",NULL,NULL
"748","paso 4",NULL,NULL
"749","paso 1",NULL,NULL
"750","paso 4",NULL,NULL
"751","paso 1",NULL,NULL
"752","paso 4",NULL,NULL
"753","paso 1",NULL,NULL
"754","paso 4",NULL,NULL
"755","paso 1",NULL,NULL
"756","paso 4",NULL,NULL
"757","paso 1",NULL,NULL
"758","paso 4",NULL,NULL
"759","paso 1",NULL,NULL
"760","paso 4",NULL,NULL
"761","paso 1",NULL,NULL
"762","paso 4",NULL,NULL
"763","paso 1",NULL,NULL
"764","paso 4",NULL,NULL
"765","paso 1",NULL,NULL
"766","paso 4",NULL,NULL
"767","paso 1",NULL,NULL
"768","paso 4",NULL,NULL
"769","paso 1",NULL,NULL
"770","paso 4",NULL,NULL
"771","paso 1",NULL,NULL
"772","paso 4",NULL,NULL
"773","paso 1",NULL,NULL
"774","paso 4",NULL,NULL
"775","paso 1",NULL,NULL
"776","paso 4",NULL,NULL
"777","paso 1",NULL,NULL
"778","paso 4",NULL,NULL
"779","paso 1",NULL,NULL
"780","paso 4",NULL,NULL
"781","paso 1",NULL,NULL
"782","paso 4",NULL,NULL
"783","paso 1",NULL,NULL
"784","paso 4",NULL,NULL
"785","paso 1",NULL,NULL
"786","paso 4",NULL,NULL
"787","paso 1",NULL,NULL
"788","paso 4",NULL,NULL
"789","paso 1",NULL,NULL
"790","paso 4",NULL,NULL
"791","paso 1",NULL,NULL
"792","paso 4",NULL,NULL
"793","paso 1",NULL,NULL
"794","paso 4",NULL,NULL
"795","paso 1",NULL,NULL
"796","paso 4",NULL,NULL
"797","paso 1",NULL,NULL
"798","paso 4",NULL,NULL
"799","paso 1",NULL,NULL
"800","paso 4",NULL,NULL
"801","paso 1",NULL,NULL
"802","paso 4",NULL,NULL
"803","paso 1",NULL,NULL
"804","paso 4",NULL,NULL
"805","paso 1",NULL,NULL
"806","paso 4",NULL,NULL
"807","paso 1",NULL,NULL
"808","paso 4",NULL,NULL
"809","paso 1",NULL,NULL
"810","paso 4",NULL,NULL
"811","paso 1",NULL,NULL
"812","paso 4",NULL,NULL
"813","paso 1",NULL,NULL
"814","paso 4",NULL,NULL
"815","paso 1",NULL,NULL
"816","paso 4",NULL,NULL
"817","paso 1",NULL,NULL
"818","paso 4",NULL,NULL
"819","paso 1",NULL,NULL
"820","paso 4",NULL,NULL
"821","paso 1",NULL,NULL
"822","paso 4",NULL,NULL
"823","paso 1",NULL,NULL
"824","paso 4",NULL,NULL
"825","paso 1",NULL,NULL
"826","paso 4",NULL,NULL
"827","paso 1",NULL,NULL
"828","paso 4",NULL,NULL
"829","paso 1",NULL,NULL
"830","paso 4",NULL,NULL
"831","paso 1",NULL,NULL
"832","paso 4",NULL,NULL
"833","paso 1",NULL,NULL
"834","paso 4",NULL,NULL
"835","paso 1",NULL,NULL
"836","paso 4",NULL,NULL
"837","paso 1",NULL,NULL
"838","paso 4",NULL,NULL
"839","paso 1",NULL,NULL
"840","paso 4",NULL,NULL
"841","paso 1",NULL,NULL
"842","paso 4",NULL,NULL
"843","paso 1",NULL,NULL
"844","paso 4",NULL,NULL
"845","paso 1",NULL,NULL
"846","paso 4",NULL,NULL
"847","paso 1",NULL,NULL
"848","paso 4",NULL,NULL
"849","paso 1",NULL,NULL
"850","paso 4",NULL,NULL
"851","paso 1",NULL,NULL
"852","paso 4",NULL,NULL
"853","paso 1",NULL,NULL
"854","paso 4",NULL,NULL
"855","paso 1",NULL,NULL
"856","paso 4",NULL,NULL
"857","paso 1",NULL,NULL
"858","paso 4",NULL,NULL
"859","paso 1",NULL,NULL
"860","paso 4",NULL,NULL
"861","paso 1",NULL,NULL
"862","paso 4",NULL,NULL
"863","paso 1",NULL,NULL
"864","paso 4",NULL,NULL
"865","paso 1",NULL,NULL
"866","paso 4",NULL,NULL
"867","paso 1",NULL,NULL
"868","paso 4",NULL,NULL
"869","paso 1",NULL,NULL
"870","paso 4",NULL,NULL
"871","paso 1",NULL,NULL
"872","paso 4",NULL,NULL
"873","paso 1",NULL,NULL
"874","paso 4",NULL,NULL
"875","paso 1",NULL,NULL
"876","paso 4",NULL,NULL
"877","paso 1",NULL,NULL
"878","paso 4",NULL,NULL
"879","paso 1",NULL,NULL
"880","paso 4",NULL,NULL
"881","paso 1",NULL,NULL
"882","paso 4",NULL,NULL
"883","paso 1",NULL,NULL
"884","paso 4",NULL,NULL
"885","paso 1",NULL,NULL
"886","paso 4",NULL,NULL
"887","paso 1",NULL,NULL
"888","paso 4",NULL,NULL
"889","paso 1",NULL,NULL
"890","paso 4",NULL,NULL
"891","paso 1",NULL,NULL
"892","paso 4",NULL,NULL
"893","paso 1",NULL,NULL
"894","paso 4",NULL,NULL
"895","paso 1",NULL,NULL
"896","paso 4",NULL,NULL
"897","paso 1",NULL,NULL
"898","paso 4",NULL,NULL
"899","paso 1",NULL,NULL
"900","paso 4",NULL,NULL
"901","paso 1",NULL,NULL
"902","paso 4",NULL,NULL
"903","paso 1",NULL,NULL
"904","paso 4",NULL,NULL
"905","paso 1",NULL,NULL
"906","paso 4",NULL,NULL
"907","paso 1",NULL,NULL
"908","paso 4",NULL,NULL
"909","paso 1",NULL,NULL
"910","paso 4",NULL,NULL
"911","paso 1",NULL,NULL
"912","paso 4",NULL,NULL
"913","paso 1",NULL,NULL
"914","paso 4",NULL,NULL
"915","paso 1",NULL,NULL
"916","paso 4",NULL,NULL
"917","paso 1",NULL,NULL
"918","paso 4",NULL,NULL
"919","paso 1",NULL,NULL
"920","paso 4",NULL,NULL
"921","paso 1",NULL,NULL
"922","paso 4",NULL,NULL
"923","paso 1",NULL,NULL
"924","paso 4",NULL,NULL
"925","paso 1",NULL,NULL
"926","paso 4",NULL,NULL
"927","paso 1",NULL,NULL
"928","paso 4",NULL,NULL
"929","paso 1",NULL,NULL
"930","paso 4",NULL,NULL
"931","paso 1",NULL,NULL
"932","paso 4",NULL,NULL
"933","paso 1",NULL,NULL
"934","paso 4",NULL,NULL
"935","paso 1",NULL,NULL
"936","paso 4",NULL,NULL
"937","paso 1",NULL,NULL
"938","paso 4",NULL,NULL
"939","paso 1",NULL,NULL
"940","paso 4",NULL,NULL
"941","paso 1",NULL,NULL
"942","paso 4",NULL,NULL
"943","paso 1",NULL,NULL
"944","paso 4",NULL,NULL
"945","paso 1",NULL,NULL
"946","paso 4",NULL,NULL
"947","paso 1",NULL,NULL
"948","paso 4",NULL,NULL
"949","paso 1",NULL,NULL
"950","paso 4",NULL,NULL
"951","paso 1",NULL,NULL
"952","paso 4",NULL,NULL
"953","paso 1",NULL,NULL
"954","paso 4",NULL,NULL
"955","paso 1",NULL,NULL
"956","paso 4",NULL,NULL
"957","paso 1",NULL,NULL
"958","paso 4",NULL,NULL
"959","paso 1",NULL,NULL
"960","paso 4",NULL,NULL
"961","paso 1",NULL,NULL
"962","paso 4",NULL,NULL
"963","paso 1",NULL,NULL
"964","paso 4",NULL,NULL
"965","paso 1",NULL,NULL
"966","paso 4",NULL,NULL
"967","paso 1",NULL,NULL
"968","paso 4",NULL,NULL
"969","paso 1",NULL,NULL
"970","paso 4",NULL,NULL
"971","paso 1",NULL,NULL
"972","paso 4",NULL,NULL
"973","paso 1",NULL,NULL
"974","paso 4",NULL,NULL
"975","paso 1",NULL,NULL
"976","paso 4",NULL,NULL
"977","paso 1",NULL,NULL
"978","paso 4",NULL,NULL
"979","paso 1",NULL,NULL
"980","paso 4",NULL,NULL
"981","paso 1",NULL,NULL
"982","paso 4",NULL,NULL
"983","paso 1",NULL,NULL
"984","paso 4",NULL,NULL
"985","paso 1",NULL,NULL
"986","paso 4",NULL,NULL
"987","paso 1",NULL,NULL
"988","paso 4",NULL,NULL
"989","paso 1",NULL,NULL
"990","paso 4",NULL,NULL
"991","paso 1",NULL,NULL
"992","paso 4",NULL,NULL
"993","paso 1",NULL,NULL
"994","paso 4",NULL,NULL
"995","paso 1",NULL,NULL
"996","paso 4",NULL,NULL
"997","paso 1",NULL,NULL
"998","paso 4",NULL,NULL
"999","paso 1",NULL,NULL
"1000","paso 4",NULL,NULL
"1001","paso 1",NULL,NULL
"1002","paso 4",NULL,NULL
"1003","paso 1",NULL,NULL
"1004","paso 4",NULL,NULL
"1005","paso 1",NULL,NULL
"1006","paso 4",NULL,NULL
"1007","paso 1",NULL,NULL
"1008","paso 4",NULL,NULL
"1009","paso 1",NULL,NULL
"1010","paso 4",NULL,NULL
"1011","paso 1",NULL,NULL
"1012","paso 4",NULL,NULL
"1013","paso 1",NULL,NULL
"1014","paso 4",NULL,NULL
"1015","paso 1",NULL,NULL
"1016","paso 4",NULL,NULL
"1017","paso 1",NULL,NULL
"1018","paso 4",NULL,NULL
"1019","paso 1",NULL,NULL
"1020","paso 4",NULL,NULL
"1021","paso 1",NULL,NULL
"1022","paso 4",NULL,NULL
"1023","paso 1",NULL,NULL
"1024","paso 4",NULL,NULL
"1025","paso 1",NULL,NULL
"1026","paso 4",NULL,NULL
"1027","paso 1",NULL,NULL
"1028","paso 4",NULL,NULL
"1029","paso 1",NULL,NULL
"1030","paso 4",NULL,NULL
"1031","paso 1",NULL,NULL
"1032","paso 4",NULL,NULL
"1033","paso 1",NULL,NULL
"1034","paso 4",NULL,NULL
"1035","paso 1",NULL,NULL
"1036","paso 4",NULL,NULL
"1037","paso 1",NULL,NULL
"1038","paso 4",NULL,NULL
"1039","paso 1",NULL,NULL
"1040","paso 4",NULL,NULL
"1041","paso 1",NULL,NULL
"1042","paso 4",NULL,NULL
"1043","paso 1",NULL,NULL
"1044","paso 4",NULL,NULL
"1045","paso 1",NULL,NULL
"1046","paso 4",NULL,NULL
"1047","paso 1",NULL,NULL
"1048","paso 4",NULL,NULL
"1049","paso 1",NULL,NULL
"1050","paso 4",NULL,NULL
"1051","paso 1",NULL,NULL
"1052","paso 4",NULL,NULL
"1053","paso 1",NULL,NULL
"1054","paso 4",NULL,NULL
"1055","paso 1",NULL,NULL
"1056","paso 4",NULL,NULL
"1057","paso 1",NULL,NULL
"1058","paso 4",NULL,NULL
"1059","paso 1",NULL,NULL
"1060","paso 4",NULL,NULL
"1061","paso 1",NULL,NULL
"1062","paso 4",NULL,NULL
"1063","paso 1",NULL,NULL
"1064","paso 4",NULL,NULL
"1065","paso 1",NULL,NULL
"1066","paso 4",NULL,NULL
"1067","paso 1",NULL,NULL
"1068","paso 4",NULL,NULL
"1069","paso 1",NULL,NULL
"1070","paso 4",NULL,NULL
"1071","paso 1",NULL,NULL
"1072","paso 4",NULL,NULL
"1073","paso 1",NULL,NULL
"1074","paso 4",NULL,NULL
"1075","paso 1",NULL,NULL
"1076","paso 4",NULL,NULL
"1077","paso 1",NULL,NULL
"1078","paso 4",NULL,NULL
"1079","paso 1",NULL,NULL
"1080","paso 4",NULL,NULL
"1081","paso 1",NULL,NULL
"1082","paso 4",NULL,NULL
"1083","paso 1",NULL,NULL
"1084","paso 4",NULL,NULL
"1085","paso 1",NULL,NULL
"1086","paso 4",NULL,NULL
"1087","paso 1",NULL,NULL
"1088","paso 4",NULL,NULL
"1089","paso 1",NULL,NULL
"1090","paso 4",NULL,NULL
"1091","paso 1",NULL,NULL
"1092","paso 4",NULL,NULL
"1093","paso 1",NULL,NULL
"1094","paso 4",NULL,NULL
"1095","paso 1",NULL,NULL
"1096","paso 4",NULL,NULL
"1097","paso 1",NULL,NULL
"1098","paso 4",NULL,NULL
"1099","paso 1",NULL,NULL
"1100","paso 4",NULL,NULL
"1101","paso 1",NULL,NULL
"1102","paso 4",NULL,NULL
"1103","paso 1",NULL,NULL
"1104","paso 4",NULL,NULL
"1105","paso 1",NULL,NULL
"1106","paso 4",NULL,NULL
"1107","paso 1",NULL,NULL
"1108","paso 4",NULL,NULL
"1109","paso 1",NULL,NULL
"1110","paso 4",NULL,NULL
"1111","paso 1",NULL,NULL
"1112","paso 4",NULL,NULL
"1113","paso 1",NULL,NULL
"1114","paso 4",NULL,NULL
"1115","paso 1",NULL,NULL
"1116","paso 4",NULL,NULL
"1117","paso 1",NULL,NULL
"1118","paso 4",NULL,NULL
"1119","paso 1",NULL,NULL
"1120","paso 4",NULL,NULL
"1121","paso 1",NULL,NULL
"1122","paso 4",NULL,NULL
"1123","paso 1",NULL,NULL
"1124","paso 4",NULL,NULL
"1125","paso 1",NULL,NULL
"1126","paso 4",NULL,NULL
"1127","paso 1",NULL,NULL
"1128","paso 4",NULL,NULL
"1129","paso 1",NULL,NULL
"1130","paso 4",NULL,NULL
"1131","paso 1",NULL,NULL
"1132","paso 4",NULL,NULL
"1133","paso 1",NULL,NULL
"1134","paso 4",NULL,NULL
"1135","paso 1",NULL,NULL
"1136","paso 4",NULL,NULL
"1137","paso 1",NULL,NULL
"1138","paso 4",NULL,NULL
"1139","paso 1",NULL,NULL
"1140","paso 4",NULL,NULL
"1141","paso 1",NULL,NULL
"1142","paso 4",NULL,NULL
"1143","paso 1",NULL,NULL
"1144","paso 4",NULL,NULL
"1145","paso 1",NULL,NULL
"1146","paso 4",NULL,NULL
"1147","paso 1",NULL,NULL
"1148","paso 4",NULL,NULL
"1149","paso 1",NULL,NULL
"1150","paso 4",NULL,NULL
"1151","paso 1",NULL,NULL
"1152","paso 4",NULL,NULL
"1153","paso 1",NULL,NULL
"1154","paso 4",NULL,NULL
"1155","paso 1",NULL,NULL
"1156","paso 4",NULL,NULL
"1157","paso 1",NULL,NULL
"1158","paso 4",NULL,NULL
"1159","paso 1",NULL,NULL
"1160","paso 4",NULL,NULL
"1161","paso 1",NULL,NULL
"1162","paso 4",NULL,NULL
"1163","paso 1",NULL,NULL
"1164","paso 4",NULL,NULL
"1165","paso 1",NULL,NULL
"1166","paso 4",NULL,NULL
"1167","paso 1",NULL,NULL
"1168","paso 4",NULL,NULL
"1169","paso 1",NULL,NULL
"1170","paso 4",NULL,NULL
"1171","paso 1",NULL,NULL
"1172","paso 4",NULL,NULL
"1173","paso 1",NULL,NULL
"1174","paso 4",NULL,NULL
"1175","paso 1",NULL,NULL
"1176","paso 4",NULL,NULL
"1177","paso 1",NULL,NULL
"1178","paso 4",NULL,NULL
"1179","paso 1",NULL,NULL
"1180","paso 4",NULL,NULL
"1181","paso 1",NULL,NULL
"1182","paso 4",NULL,NULL
"1183","paso 1",NULL,NULL
"1184","paso 4",NULL,NULL
"1185","paso 1",NULL,NULL
"1186","paso 4",NULL,NULL
"1187","paso 1",NULL,NULL
"1188","paso 4",NULL,NULL
"1189","paso 1",NULL,NULL
"1190","paso 4",NULL,NULL
"1191","paso 1",NULL,NULL
"1192","paso 4",NULL,NULL
"1193","paso 1",NULL,NULL
"1194","paso 4",NULL,NULL
"1195","paso 1",NULL,NULL
"1196","paso 4",NULL,NULL
"1197","paso 1",NULL,NULL
"1198","paso 4",NULL,NULL
"1199","paso 1",NULL,NULL
"1200","paso 4",NULL,NULL
"1201","paso 1",NULL,NULL
"1202","paso 4",NULL,NULL
"1203","paso 1",NULL,NULL
"1204","paso 4",NULL,NULL
"1205","paso 1",NULL,NULL
"1206","paso 4",NULL,NULL
"1207","paso 1",NULL,NULL
"1208","paso 4",NULL,NULL
"1209","paso 1",NULL,NULL
"1210","paso 4",NULL,NULL
"1211","paso 1",NULL,NULL
"1212","paso 4",NULL,NULL
"1213","paso 1",NULL,NULL
"1214","paso 4",NULL,NULL
"1215","paso 1",NULL,NULL
"1216","paso 4",NULL,NULL
"1217","paso 1",NULL,NULL
"1218","paso 4",NULL,NULL
"1219","paso 1",NULL,NULL
"1220","paso 4",NULL,NULL
"1221","paso 1",NULL,NULL
"1222","paso 4",NULL,NULL
"1223","paso 1",NULL,NULL
"1224","paso 4",NULL,NULL
"1225","paso 1",NULL,NULL
"1226","paso 4",NULL,NULL
"1227","paso 1",NULL,NULL
"1228","paso 4",NULL,NULL
"1229","paso 1",NULL,NULL
"1230","paso 4",NULL,NULL
"1231","paso 1",NULL,NULL
"1232","paso 4",NULL,NULL
"1233","paso 1",NULL,NULL
"1234","paso 4",NULL,NULL
"1235","paso 1",NULL,NULL
"1236","paso 4",NULL,NULL
"1237","paso 1",NULL,NULL
"1238","paso 4",NULL,NULL
"1239","paso 1",NULL,NULL
"1240","paso 4",NULL,NULL
"1241","paso 1",NULL,NULL
"1242","paso 4",NULL,NULL
"1243","paso 1",NULL,NULL
"1244","paso 4",NULL,NULL
"1245","paso 1",NULL,NULL
"1246","paso 4",NULL,NULL
"1247","paso 1",NULL,NULL
"1248","paso 4",NULL,NULL
"1249","paso 1",NULL,NULL
"1250","paso 4",NULL,NULL
"1251","paso 1",NULL,NULL
"1252","paso 4",NULL,NULL
"1253","paso 1",NULL,NULL
"1254","paso 4",NULL,NULL
"1255","paso 1",NULL,NULL
"1256","paso 4",NULL,NULL
"1257","paso 1",NULL,NULL
"1258","paso 4",NULL,NULL
"1259","paso 1",NULL,NULL
"1260","paso 4",NULL,NULL
"1261","paso 1",NULL,NULL
"1262","paso 4",NULL,NULL
"1263","paso 1",NULL,NULL
"1264","paso 4",NULL,NULL
"1265","paso 1",NULL,NULL
"1266","paso 4",NULL,NULL
"1267","paso 1",NULL,NULL
"1268","paso 4",NULL,NULL
"1269","paso 1",NULL,NULL
"1270","paso 4",NULL,NULL
"1271","paso 1",NULL,NULL
"1272","paso 4",NULL,NULL
"1273","paso 1",NULL,NULL
"1274","paso 4",NULL,NULL
"1275","paso 1",NULL,NULL
"1276","paso 4",NULL,NULL
"1277","paso 1",NULL,NULL
"1278","paso 4",NULL,NULL
"1279","paso 1",NULL,NULL
"1280","paso 4",NULL,NULL
"1281","paso 1",NULL,NULL
"1282","paso 4",NULL,NULL
"1283","paso 1",NULL,NULL
"1284","paso 4",NULL,NULL
"1285","paso 1",NULL,NULL
"1286","paso 4",NULL,NULL
"1287","paso 1",NULL,NULL
"1288","paso 4",NULL,NULL
"1289","paso 1",NULL,NULL
"1290","paso 4",NULL,NULL
"1291","paso 1",NULL,NULL
"1292","paso 4",NULL,NULL
"1293","paso 1",NULL,NULL
"1294","paso 4",NULL,NULL
"1295","paso 1",NULL,NULL
"1296","paso 4",NULL,NULL
"1297","paso 1",NULL,NULL
"1298","paso 4",NULL,NULL
"1299","paso 1",NULL,NULL
"1300","paso 4",NULL,NULL
"1301","paso 1",NULL,NULL
"1302","paso 4",NULL,NULL
"1303","paso 1",NULL,NULL
"1304","paso 4",NULL,NULL
"1305","paso 1",NULL,NULL
"1306","paso 4",NULL,NULL
"1307","paso 1",NULL,NULL
"1308","paso 4",NULL,NULL
"1309","paso 1",NULL,NULL
"1310","paso 4",NULL,NULL
"1311","paso 1",NULL,NULL
"1312","paso 4",NULL,NULL
"1313","paso 1",NULL,NULL
"1314","paso 4",NULL,NULL
"1315","paso 1",NULL,NULL
"1316","paso 4",NULL,NULL
"1317","paso 1",NULL,NULL
"1318","paso 4",NULL,NULL
"1319","paso 1",NULL,NULL
"1320","paso 4",NULL,NULL
"1321","paso 1",NULL,NULL
"1322","paso 4",NULL,NULL
"1323","paso 1",NULL,NULL
"1324","paso 4",NULL,NULL
"1325","paso 1",NULL,NULL
"1326","paso 4",NULL,NULL
"1327","paso 1",NULL,NULL
"1328","paso 4",NULL,NULL
"1329","paso 1",NULL,NULL
"1330","paso 4",NULL,NULL
"1331","paso 1",NULL,NULL
"1332","paso 4",NULL,NULL
"1333","paso 1",NULL,NULL
"1334","paso 4",NULL,NULL
"1335","paso 1",NULL,NULL
"1336","paso 4",NULL,NULL
"1337","paso 1",NULL,NULL
"1338","paso 4",NULL,NULL
"1339","paso 1",NULL,NULL
"1340","paso 4",NULL,NULL
"1341","paso 1",NULL,NULL
"1342","paso 4",NULL,NULL
"1343","paso 1",NULL,NULL
"1344","paso 4",NULL,NULL
"1345","paso 1",NULL,NULL
"1346","paso 4",NULL,NULL
"1347","paso 1",NULL,NULL
"1348","paso 4",NULL,NULL
"1349","paso 1",NULL,NULL
"1350","paso 4",NULL,NULL
"1351","paso 1",NULL,NULL
"1352","paso 4",NULL,NULL
"1353","paso 1",NULL,NULL
"1354","paso 4",NULL,NULL
"1355","paso 1",NULL,NULL
"1356","paso 4",NULL,NULL
"1357","paso 1",NULL,NULL
"1358","paso 4",NULL,NULL
"1359","paso 1",NULL,NULL
"1360","paso 4",NULL,NULL
"1361","paso 1",NULL,NULL
"1362","paso 4",NULL,NULL
"1363","paso 1",NULL,NULL
"1364","paso 4",NULL,NULL
"1365","paso 1",NULL,NULL
"1366","paso 4",NULL,NULL
"1367","paso 1",NULL,NULL
"1368","paso 4",NULL,NULL
"1369","paso 1",NULL,NULL
"1370","paso 4",NULL,NULL
"1371","paso 1",NULL,NULL
"1372","paso 4",NULL,NULL
"1373","paso 1",NULL,NULL
"1374","paso 4",NULL,NULL
"1375","paso 1",NULL,NULL
"1376","paso 4",NULL,NULL
"1377","paso 1",NULL,NULL
"1378","paso 4",NULL,NULL
"1379","paso 1",NULL,NULL
"1380","paso 4",NULL,NULL
"1381","paso 1",NULL,NULL
"1382","paso 4",NULL,NULL
"1383","paso 1",NULL,NULL
"1384","paso 4",NULL,NULL
"1385","paso 1",NULL,NULL
"1386","paso 4",NULL,NULL
"1387","paso 1",NULL,NULL
"1388","paso 4",NULL,NULL
"1389","paso 1",NULL,NULL
"1390","paso 4",NULL,NULL
"1391","paso 1",NULL,NULL
"1392","paso 4",NULL,NULL
"1393","paso 1",NULL,NULL
"1394","paso 4",NULL,NULL
"1395","paso 1",NULL,NULL
"1396","paso 4",NULL,NULL
"1397","paso 1",NULL,NULL
"1398","paso 4",NULL,NULL
"1399","paso 1",NULL,NULL
"1400","paso 4",NULL,NULL
"1401","paso 1",NULL,NULL
"1402","paso 4",NULL,NULL
"1403","paso 1",NULL,NULL
"1404","paso 4",NULL,NULL
"1405","paso 1",NULL,NULL
"1406","paso 4",NULL,NULL
"1407","paso 1",NULL,NULL
"1408","paso 4",NULL,NULL
"1409","paso 1",NULL,NULL
"1410","paso 4",NULL,NULL
"1411","paso 1",NULL,NULL
"1412","paso 4",NULL,NULL
"1413","paso 1",NULL,NULL
"1414","paso 4",NULL,NULL
"1415","paso 1",NULL,NULL
"1416","paso 4",NULL,NULL
"1417","paso 1",NULL,NULL
"1418","paso 4",NULL,NULL
"1419","paso 1",NULL,NULL
"1420","paso 4",NULL,NULL
"1421","paso 1",NULL,NULL
"1422","paso 4",NULL,NULL
"1423","paso 1",NULL,NULL
"1424","paso 4",NULL,NULL
"1425","paso 1",NULL,NULL
"1426","paso 4",NULL,NULL
"1427","paso 1",NULL,NULL
"1428","paso 4",NULL,NULL
"1429","paso 1",NULL,NULL
"1430","paso 4",NULL,NULL
"1431","paso 1",NULL,NULL
"1432","paso 4",NULL,NULL
"1433","paso 1",NULL,NULL
"1434","paso 4",NULL,NULL
"1435","paso 1",NULL,NULL
"1436","paso 4",NULL,NULL
"1437","paso 1",NULL,NULL
"1438","paso 4",NULL,NULL
"1439","paso 1",NULL,NULL
"1440","paso 4",NULL,NULL
"1441","paso 1",NULL,NULL
"1442","paso 4",NULL,NULL
"1443","paso 1",NULL,NULL
"1444","paso 4",NULL,NULL
"1445","paso 1",NULL,NULL
"1446","paso 4",NULL,NULL
"1447","paso 1",NULL,NULL
"1448","paso 4",NULL,NULL
"1449","paso 1",NULL,NULL
"1450","paso 4",NULL,NULL
"1451","paso 1",NULL,NULL
"1452","paso 4",NULL,NULL
"1453","paso 1",NULL,NULL
"1454","paso 4",NULL,NULL
"1455","paso 1",NULL,NULL
"1456","paso 4",NULL,NULL
"1457","paso 1",NULL,NULL
"1458","paso 4",NULL,NULL
"1459","paso 1",NULL,NULL
"1460","paso 4",NULL,NULL
"1461","paso 1",NULL,NULL
"1462","paso 4",NULL,NULL
"1463","paso 1",NULL,NULL
"1464","paso 4",NULL,NULL
"1465","paso 1",NULL,NULL
"1466","paso 4",NULL,NULL
"1467","paso 1",NULL,NULL
"1468","paso 4",NULL,NULL
"1469","paso 1",NULL,NULL
"1470","paso 4",NULL,NULL
"1471","paso 1",NULL,NULL
"1472","paso 4",NULL,NULL
"1473","paso 1",NULL,NULL
"1474","paso 4",NULL,NULL
"1475","paso 1",NULL,NULL
"1476","paso 4",NULL,NULL
"1477","paso 1",NULL,NULL
"1478","paso 4",NULL,NULL
"1479","paso 1",NULL,NULL
"1480","paso 4",NULL,NULL
"1481","paso 1",NULL,NULL
"1482","paso 4",NULL,NULL
"1483","paso 1",NULL,NULL
"1484","paso 4",NULL,NULL
"1485","paso 1",NULL,NULL
"1486","paso 4",NULL,NULL
