"6","Transportes E.I.R.L.","76346090-8",,"Transporte","Jose Ignacio Saez Guinez ",,,,,"0"
"10","Elza Ines Sanzi e hijos Ltda","78773020-5",NULL,"Transporte",NULL,NULL,NULL,,,"0"
"16","Inmobiliria e inversiones  Sta. Catalina Ltda.","76679510-2",NULL,"Transporte",NULL,NULL,NULL,,,"0"
"21","Maria Alejandra Soto diaz","7859957-K",NULL,"Transporte",NULL,NULL,NULL,,,"0"
"23","Transporte de Contenedores de Chile SA","76566490-K",NULL,"Transporte",NULL,NULL,NULL,,,"0"
"24","Transporte Logistica Placilla 88","76116595-K",,"Transporte",,,,,,"0"
"25","Transporte RVE Ltda.","77889320-7",NULL,"Transporte",NULL,NULL,NULL,,,"0"
"26","Transportes Andreu Ltda.","78763220-3",NULL,"Transporte",NULL,NULL,NULL,,,"0"
"28","Transportes Nunez Roco CIA.Ltda.","76160610-7",NULL,"Transporte",NULL,NULL,NULL,,,"0"
"29","Trujillo Ltda.","76123750-0",NULL,"Transporte",NULL,NULL,NULL,,,"0"
"31","Ruben Vinuela","78293170-9",,"Transporte",,,,,,"0"
"54","Logistica CIMCA SA","22222222-2",,"Transporte Internacional",,,,"Logistica CIMCA SA","33-71229872-9","0"
"55","Jose Rodrigo Calderon","12817665-9","Av. La Montaña 776","Transporte de Carga por Carretera",," 56 (2) 24891523",,"Transportes DESA ltda","Transporte","0"
"56","J L T Transporte y  Logistica","33333333-3",,"Transporte y  Logistica",,,,"J L T Transporte y  Logistica","20-13533975-0","0"
"57","Trans Fer","44444444-4",,"Transporte Internacional",,,,"Transportes Fernandez","20-08154383-7","0"
"58","Fardaos","66666666-6",,"Transporte Nacional",,,,"Fardaos","20-08154383-7","0"
"63","MF Logistica","76287695-7","Gervacio Valle 381, Calle Larga","Transporte y Logistica","Michael Perez",,,"MF Logistica y Transporte Limitada","Transporte y Logistica","1"
"64","Tranas JR  (Pizzolato)","76440124-7",,"Transporte Internacional por carretera","Fabian Pizzolato",,"fabianpizzolato@yahoo.com.ar","Trans JR ","Transporte Internacional","1"
"65","DYC","96813450-7",,"Transporte de Carga por Carretera",,,,"Depositos y Contenedores SA","Transporte y Almacenaje de Contenedores","0"
"66","Terracontainers","76752755-1","Av. Américo Vespucio Norte 811","Fabricación de Vehículos Automotores","Sergio Droppelmann","56 (2) 25206210",,"General Motors Chile Industria Automotriz Ltda","Venta de Vehículos","0"
"69","Marcos Moreno","18058819-1","Pasaje 5 441 Risopatron-Pedro Aguirre Cerda","Transporte de carga terrestre","Marcos Moreno","56 (9) 47701745","Transportesdym6@gmail.com","Dominique Lisette Molinett Ravanales","Transporte de carga terrestre","0"
"70","Cavada Logistics SpA","76193152-0","Camino La Montaña","Venta Licores","Manuel Cavada","562 23938170","mcavada@cavada.cl","CAV Sociedad Anonima","Venta Vino","1"
"71","Rofran Transportes Chile","59289160-3","Av. Américo Vespucio Norte 811","Fabricación de Vehículos Automotores","Rodrigo Rofran","56 (2) 25206210","Rodrigo@rofimex.com.br","General Motors Chile Industria Automotriz Ltda","Venta de Vehículos","1"
"72","RG Rental","77116962-7","Las Bellotas 199 62- Providencia","Inversion, ariendo y compra venta de inmuebles",,,"patricio@bpopyme.cl","RG Rental SPA","transporte de carga","0"
"75","Aurelio Jimenez","14452068-8",,,"Aurelio Jimenez","56 966 542008",,,"transporte de carga","0"
"77","Sociedad de Transporte Rubio e Hijos","77143908-K","Jose Miguel carrera 5300 El Noviciado-Pudahuel","Transporte de carga por carretera.","Cristian Rubio",,"Cristia.rubio.encina@gmail.com","Sociedad de transporte Rubio E hijos Spa","transporte de carga","1"
"79","Inversiones en Transporte SPA","76943022-9","Las Cacha As 3753 Pte Alto","Transporte","Luis San Martin","56 9 64395435","luis.invertrans@gmail.com","Inversiones en Transporte SPA","Transporte","0"
"80","Transporte JyJ Limitada","77015253-4","Coral del Monte 6323- Maipu","Transporte de Carga General","Jorge Prado","56 (9) 81361393","jprador@gmail.com","Time 1 Spa","Transporte","1"
"81","Mavicargo","76168863-4","Av. Américo Vespucio 1309- Ofic. 404. Pudahuel","Transporte y Servicios Logísticos Mavicargo Spa",,"56 (2) 24094157","auribe@mavicargo.cl",,"Transporte","0"
"82","Cristian Alejandro Garrido Sagardia","12684574-K","Cacique Maulican 10211 ST- El bosque","Transporte","Cristian Garrido","56 956391456","roxanna.berriosvaldes@gmail.com",,"Transporte","0"
"83","Malabares Group SPA","76880463-K","Diagonal Paraguay 481, Of.105","Transporte","Rodrigo Cortes","56 (9) 97999720","Rodrigocortesben@gmail.com","Malabares Group SPA","Transporte","0"
"84","Transportes Matsan Ltda","77250493-4",,"Transporte",,,"matsan.ltda@gmail.com",,"Transporte","1"
