"1","1","TPS",,"L0001","Valparaiso","1","29","1","1","1"
"2","1","STI",,"L0002","San Antonio","1","30","1","1","1"
"3","1","Lirquen",,"L0003","Lirquen","1","68","1","1","1"
"4","1","Cornel",,"L0004","Coronel","1","36","1","1","1"
"5","3","ZEAL",,"L0005","Valparaiso","3","29","1","1","1"
"6","3","SAAM (Valp)",,"L0006","Valparaiso","3","29","1","1","1"
"7","3","San Francisco SAI",,"L0007","San Antonio","3","68","1","1","1"
"8","3","San Francisco VAP",,"L0008","Valparaiso","3","68","1","1","1"
"9","3","DYC SAI",,"L0009","San Antonio","3","30","1","1","1"
"10","3","Contopsa SAI",,"L0010","San Antonio","3","68","1","1","1"
"11","3","Depot Biggio VAP",,"L0011","Valparaiso","3","68","1","1","1"
"12","3","DYC VAP",,"L0012","Valparaiso","3","29","1","1","1"
"14","2","DYC SCL",,"L0014","Santiago","2","14","1","0","1"
"16","2","LOCSA",,"L0016","Santiago","2","14","1","0","1"
"17","2","Labra",,"L0017","Santiago","2","33","1","0","1"
"18","2","Sitrans SCL",,"L0018","Santiago","2","33","1","1","1"
"19","2","SAAM SCL",,"L0019","Santiago","2","33","1","1","1"
"20","2","Agunsa SCL",,"L0020","Santiago","2","33","1","1","1"
"22","2","Contopsa SCL",,"L0022","Santiago","2","33","1","1","1"
"23","4","SODIMAC-CD Lo Espejo",,"L0023","Santiago","4","33","0","0","1"
"24","4","Derco-Lo Boza",,"L0024","Santiago","4","33","0","1","1"
"25","4","SODIMAC-Lo Echevers",,"L0025","Santiago","4","33","0","1","1"
"26","4","Concha y Toro-Pirque",,"L0026","Santiago","4","33","0","1","1"
"27","4","Concha y Toro-Lo Espejo",,"L0027","Santiago","4","33","0","1","1"
"28","4","San Pedro-Lo Espejo",,"L0028","Santiago","4","33","0","1","1"
"32",NULL,"VICSA-Farfana",,"L0029","Santiago","4","68","0","1","1"
"33",NULL,"Wausau-General Velasquez","CompaÃ±ia 1390 905","L0030","Santiago","4","68","0","1","1"
"34",NULL,"Wausau-Papelera Herrera","Las CaÃ±as 924","L0031","Valparaiso","4","68","0","0","1"
"35",NULL,"EASY-La Farfana",,"L0032","Santiago","4","68","0","0","1"
"36",NULL,"Origen","Origen","L0033","Santiago","4",NULL,"1","1","1"
"37",NULL,"Moletto-Matucana","Av. Matucana 1223","L0034","Santiago","4","68","1","1","1"
"38",NULL,"Moletto-Pto Madero","Puerto Madero 9710 Bodega Z19","L0035","Santiago","4","38","1","1","1"
"39",NULL,"Moletto-Laguna Sur","Laguna Sur Bodega A9","L0036","Santiago","4","68","1","1","1"
"40",NULL,"DepÃ³sito Lo Herrera","Pdte Jorge Alessandri R. 24.481 Lo Herrera, San Bernardo","L0037","Santiago","1",NULL,"1","1","1"
"41",NULL,"GM-Enea","Boulevard Poniente 1313, Enea","L0038","Santiago","4","36","1","1","1"
"42",NULL,"Bodega Pacific Star","Buzeta 3915, Cerrillos","L0039","Santiago","2","42","1","1","1"
"43",NULL,"Nestle Santo Tome","Ruta 11 Km 457, Santo Tomas","L0040","Santa Fe","4","36","1","1","1"
"44",NULL,"DepÃ³sito RenÃ© SAI",,"L0041","San Antonio","3",NULL,"1","1","1"
"45",NULL,"DepÃ³sito RenÃ© VAP",,"L0042","Valparaiso","3",NULL,"1","1","1"
"46",NULL,"GM-Acdelco Antofa","Av. El CoigÃ¼e 450 la portada Antofagasta","L0043","Antofagasta","4","68","0","0","1"
"47",NULL,"Moletto-Cliente","Walmart - Jumbo","L0044","Santiago","4","68","0","0","1"
"48",NULL,"Bodega Simplex Lo Boza","Volcan Lascar 801  3D, Pudahuel ","L0045","Santiago","2",NULL,"1","1","1"
"49",NULL,"STI (IMO)","Pto San Antonio","L0046","San Antonio","1",NULL,"1","1","1"
"50",NULL,"ZEAL (IMO)","Pto Valparaiso","L0047","Valparaiso","1",NULL,"1","1","1"
"51",NULL,"GM-Janssen","Panamericana Norte 5353 ConchalÃ­","L0048","Santiago","4","68","0","0","1"
"52",NULL,"GM-Dimac","Til Til 1980 Ã‘uÃ±oa","L0049","Santiago","4","68","0","0","1"
"53",NULL,"Trasvasije",,"LS001","Santiago","2","40","1","1","1"
"54",NULL,"Arriendo Contenedor 20","	","S0001","Santiago","2","54","1","1","1"
"55",NULL,"Arriendo Contenedor 40",,"S0002","Santiago","2","55","1","1","1"
"56",NULL,"SODIMAC-La Farfana","La Farfana B163","L0050","Santiago","2","56","1","1","1"
"57",NULL,"SODIMAC-Rancagua","Av. Nueva Albert Einstein 297","L0051","Rancagua","5","57","0","1","1"
"58",NULL,"SODIMAC-San Fernando","Av. Libertador BDO O.Higgins San Fernando","L0052","San Fernando","5","58","0","1","1"
"59",NULL,"SODIMAC-Curico","Av. Condell NÂ° 1192","L0053","Curico","5","59","0","1","1"
"60",NULL,"SODIMAC-ConcepciÃ³n",,"L0054","ConcepciÃ³n","5","56","0","1","1"
"61",NULL,"Planta Envases Impresos","Alto Jahuel","L0055","Paine","4","20","0","1","1"
"62",NULL,"SODIMAC-Melipilla","Melipilla","L0057","Melipilla","4","68","0","1","1"
"63",NULL,"CMPC planta Puente Alto","Av. Eyzaguire 01098 Puente Alto","L0058","Santiago","4","68","0","1","0"
"64",NULL,"Puerto San Antonio (SAI)","Barros Luco San Antonio","L0059","San Antonio","1","68","1","1","1"
"65",NULL,"GM Planta Sao Paulo",,"L0060","Sao Paulo","4","65","1","1","1"
"66",NULL,"Aduana Suzano-BR",,"L0061","Sao Paulo","1","68","0","0","0"
"67",NULL,"Aduana Uspallata-ARG",,"L0062","Mendoza","1",NULL,"0","0","0"
"68",NULL,"Aduana los Andes-CH",,"L0063","Los Andes","1","68","0","0","0"
"69",NULL,"Aduana Uruguaiana- BR",,"L0064","Uruguaiana","1",NULL,"0","0","0"
"70",NULL,"Aeropuerto ","Depocargo","L0065","Santiago","2","70","1","1","1"
"71",NULL,"Chilexpress  Enea 4","JoaquÃ­n PÃ©rez 776","L0066","Santiago","4","71","0","1","1"
"72",NULL,"Chilexpress Los Maitenes","Los Maitenes oriente 1287 ","L0067","Santiago","2","36","1","1","1"
"73",NULL,"Chilexpress Oficina Comercial",,"L0068","Santiago","4","72","0","0","1"
"74",NULL,"Chilexpress Oficina Comercial Spot",,"L0069","Santiago","4","72","0","0","1"
"75",NULL,"GM Planta Sao Paulo IMO",,"L0070","Sau Paulo","4","75","1","1","1"
"76",NULL,"GM Planta Sao Paulo",,"L0071","Sao Paulo","4","65","1","1","1"
"77",NULL,"Chilexpress Enea 4 Spot","JoaquÃ­n PÃ©rez 776","L0072","Santiago","4","71","1","1","1"
"78",NULL,"Chilexpress Enea 4 Festivos","JoaquÃ­n PÃ©rez 776","L0078","Santiago","4","71","1","1","1"
