"55555555","Nestle Argentina Purina",,"Miguel Pereyra","Carlos Pellegrini, 887 (1009)",NULL,NULL,"Bs Aires","Fabricacion de alimentos","Fono",,"60","Nestle Argentina Purina","Fabricación de Alimentos"
"76056575","Wausau",,"Juan Politeo","Compañia",NULL,"76056575","Santiago","Venta al por mayor de papel y cartón","56 (9)",,"20","Comercializadora WAUSAU Conosur","Venta al por mayor de papel y cartón"
"76181967","Imolog",,"Juan Riquelme","Camino Lampa Noviciado KM 14,5",NULL,NULL,"Lampa","Transporte y bodega","56 (2) 25872809",,"15","Logistica e Inmobiliaria Lipangue","Bodegaje"
"76242324","Vicsa Seafty",,"Luis Castillo","Pintor Cicarelli 683",NULL,NULL,"San Joanquin","Venta al por mayor de otros productos N. N.","56 (2) 25894100",,"20","Vicsa Seafty comercial limitada",
"76360653","Dgru S.A.",,"Jorge Martinez","Agustinas 1442 A907",NULL,NULL,"Santiago","Venta al por mayor de maquinaria, herramientas","56 (9) 77641277",,"5","Dgru S.A.","Arriendo de Gruas Torre"
"76384229","Promotive",,"Pablo Salas","General Holley 2363 A of 1301",NULL,NULL,"Providencia","Venta al por mayor ","56 (2) 23018314",,"10","Importadora y Comercializadora Promotive Spa","Importadora y Comercializadora"
"76448589","Porteo",,"Oscar Vasquez","Pasaje 6 1047 Don Horacio-",NULL,NULL,"Molina","Transporte de Carga por Carretera","56 (9) 30867763",,"15","Sociedad de Transportes Porteo Ltda","Transporte"
"76613670","Royal Canin",,"Ana Isabel Marchant","Hermanos Carrera Pinto 95-A Los Liberadores",NULL,NULL,"Quilicura","Venta al por mayor de otros productos","56 (2) 26 18 75 43",,"15","Importadora y Comercializadora Royal Canin Chile L","Venta de Alimento para Mascotas"
"77006430","Cav",,"José Bustamante","Camino La Montaña",NULL,NULL,"Quilicura","Venta Licores","56 (2) 23938170",,"15","Cav Sociedad Anonima","Venta Vino"
"77517270","Transportes DESA ltda",,"Sebastian Millie","Av. La Montaña 776",NULL,NULL,"Quilicura","Transporte de Carga por Carretera","56 (2) 24891523",,"15","Transportes DESA ltda","Transporte"
"77753250","Transportes Calidra",,"Guillermo Purdham","Chorrillos 1, Parcela 9 - Lampa",NULL,NULL,"Noviciado - Lampa.","Transporte de carga por carretera.","56 (9) 44890882",,"1","Transporte Calidra Ltda.","transporte de carga"
"81866400","Fosko S.A.",,"Luisa Contreras","Brown Norte  797",NULL,NULL,"Nunoa","FABRICACION DE OTROS ARTICULOS DE PLASTI","56 (2) 23986100",,"5","Fabrica de Envases Fosko S.A.",
"89201400","Envases Impresos S.A  (CMPC)",,"Valentina Alvarez","Camino Alto Jahuel 0360",NULL,NULL,"Buin","Fábrica de Envases de papel y carton","56 (2) 2471352",,"10","Envases Impresos S.A","Fábrica de Envases de papel y carton"
"90914000","Moletto",,"Pablo Saavedra","Av. Matucana 1223",NULL,"90914000","Santiago","Manufacturas Textiles","56 (9) 87464245",,"10","Moletto Hermanos S.A.","Comercialización de Textiles"
"93515000","General Motors",,"Jerome Faundez","Av. Américo Vespucio Norte 811",NULL,NULL,"Huachuraba","Fabricación de Vehículos Automotores","56 (2) 25206210",,"30","General Motors Chile Industria Automotriz Ltda","Venta de Vehículos"
"96690870","Integrity S.A.",,"Patricio Almonte","San Pablo Antiguo S/N ",NULL,NULL,"San Pablo","Venta al por mayor de otros productos ","56 (2) 2904791",,"5","Integrity S.A.","Venta bandejas Plásticos"
"96733780","Ultra Pac",,"Patricio Almonte","San Pablo Antiguo S/N ",NULL,NULL,"Pudahuel","Fabricación de otros artículos de plastic","56 (2) 24904791",,"5","Ultra Pac Sudamericana S.A",
"96756430","Chilexpress ",,"Ricardo lopez","José Joaquín Perez N°1376",NULL,NULL,"Pudahuel, Santiago","Transporte de carga","56 (2) 2384878",,"1","Chilexpress S.A","transporte de carga"
"96792430","Sodimac S.A.",,"Richard Simpson","Av Pdte Frei Montalva  3092",NULL,NULL,"Renca","Servicio de Almacenamiento y Deposito","56 (9) 61577519",,"30","Sodimac S.A.","Retail"
"96853150","Cmpc",,"Manuel Alberto Vergara Rodriguez","Av. Eyzaguirre 01098 Puente Alto, Santiago",NULL,NULL,"Puente Alto","Fabricación de papeles y cartones","56 (2) 23675632",,"10","Papeles Cordillera S.A.","Exportación de papeles y cartones"
