"1","1","5",NULL,NULL,NULL,NULL,"450000"
"2","2","5",NULL,NULL,NULL,NULL,"320000"
"3","3","5",NULL,NULL,NULL,NULL,"500000"
"4","7","1",NULL,NULL,NULL,NULL,"120000"
"5","9","1",NULL,NULL,NULL,NULL,"70000"
"6","8","1",NULL,NULL,NULL,NULL,"120000"
"7","7","50",NULL,NULL,NULL,NULL,"120000"
"8","8","50",NULL,NULL,NULL,NULL,"120000"
"9","9","50",NULL,NULL,NULL,NULL,"70000"
"10","15","50",NULL,NULL,NULL,NULL,"140000"
"11","16","50",NULL,NULL,NULL,NULL,"70000"
"12","12","49",NULL,NULL,NULL,NULL,"65000"
"13","13","49",NULL,NULL,NULL,NULL,"90000"
"14","17","50",NULL,NULL,NULL,NULL,"82000"
"15","18","50",NULL,NULL,NULL,NULL,"82000"
"16","10","51",NULL,NULL,NULL,NULL,"2100"
"17","10","54",NULL,NULL,NULL,NULL,"2100"
"18","10","55",NULL,NULL,NULL,NULL,"2100"
"19","10","56",NULL,NULL,NULL,NULL,"2100"
"20","10","57",NULL,NULL,NULL,NULL,"2100"
"21","10","58",NULL,NULL,NULL,NULL,"2100"
"22","10","53",NULL,NULL,NULL,NULL,"2100"
"23","13","59",NULL,NULL,NULL,NULL,"90000"
"24","10","60",NULL,NULL,NULL,NULL,"2100"
"25","10","62",NULL,NULL,NULL,NULL,"2100"
"26","10","64",NULL,NULL,NULL,NULL,"2100"
"27","10","63",NULL,NULL,NULL,NULL,"2100"
"28","22","0",NULL,NULL,NULL,NULL,"45000"
"29","23","0",NULL,NULL,NULL,NULL,"65000"
"30","22","66",NULL,NULL,NULL,NULL,"45000"
"31","23","66",NULL,NULL,NULL,NULL,"65000"
"32","24","68",NULL,NULL,NULL,NULL,"130000"
"33","25","68",NULL,NULL,NULL,NULL,"160000"
"34","27","68",NULL,NULL,NULL,NULL,"200000"
"35","24","67",NULL,NULL,NULL,NULL,"130000"
"36","25","67",NULL,NULL,NULL,NULL,"160000"
"39","29","69",NULL,NULL,NULL,NULL,"120000"
"40","30","69",NULL,NULL,NULL,NULL,"135000"
"41","31","70",NULL,NULL,NULL,NULL,"100000"
"42","26","70",NULL,NULL,NULL,NULL,"380000"
"43","24","70",NULL,NULL,NULL,NULL,"137000"
"44","25","70",NULL,NULL,NULL,NULL,"167000"
"45","32","72",NULL,NULL,NULL,NULL,"125000"
"46","34","73",NULL,NULL,NULL,NULL,"132000"
"47","33","73",NULL,NULL,NULL,NULL,"122000"
"48","35","71",NULL,NULL,NULL,NULL,"3800"
"49","36","71",NULL,NULL,NULL,NULL,"3940"
"50","32","78",NULL,NULL,NULL,NULL,"140000"
"51","37","72",NULL,NULL,NULL,NULL,"150000"
"53","32","79",NULL,NULL,NULL,NULL,"110000"
"54","34","80",NULL,NULL,NULL,NULL,"132000"
"55","33","80",NULL,NULL,NULL,NULL,"122000"
"56","37","0",NULL,NULL,NULL,NULL,"100000"
"57","32","72",NULL,NULL,NULL,NULL,"250000"
"58","33","77",NULL,NULL,NULL,NULL,"130000"
"59","34","77",NULL,NULL,NULL,NULL,"130000"
"61","34","75",NULL,NULL,NULL,NULL,"100000"
"62","34","82",NULL,NULL,NULL,NULL,"100000"
"63","34","83",NULL,NULL,NULL,NULL,"100000"
"64","34","81",NULL,NULL,NULL,NULL,"130000"
"65","33","84",NULL,NULL,NULL,NULL,"130000"
"66","38","85",NULL,NULL,NULL,NULL,"500000"
"67","38","57",NULL,NULL,NULL,NULL,"10000"
